,y_btc,y_eurusd,y_spx,mu_btc,mu_eurusd,mu_spx,sigma_btc,sigma_eurusd,sigma_spx
2017-05-24,5.217992031829843e-05,0.00017494648686746823,2.9764872625442342e-05,0.00039637248736957295,0.00036858385532258643,0.00028224324248684186,0.0006742993912882755,0.0008186945019595988,0.0009158851664910706
2017-05-25,1.8235746957239487e-05,0.0003204822729144197,0.0002995645969794432,0.000331910178503173,0.0003322165727985166,0.0002794600040722317,0.0006742993912882755,0.0008186945019595988,0.0009158851664910706
2017-05-26,4.7254048860899815e-05,0.00036177286194257716,9.259354268831985e-05,0.000282070113476721,0.0003536546994969831,0.00028489606842474854,0.0006742993912882755,0.0008186945019595988,0.0009158851664910706
2017-05-27,1.929020305858927e-05,0.00012138892752912689,2.7800490681068265e-05,0.0002734664138094715,0.0003683419273033387,0.0002829236052684683,0.0006742993912882755,0.0008186945019595988,0.0009158851664910706
2017-05-28,0.00011521076988508264,0.0006545003425562039,0.00038031042697719933,0.00025265567393006417,0.00035205826805654,0.0002814737225713335,0.0006742993912882755,0.0008186945019595988,0.0009158851664910706
2017-05-29,0.00014214111938858586,0.0001344801154671573,0.00010261124593525024,0.00026459018022118545,0.00043011043163532664,0.0002903527840741336,0.0006742993912882755,0.0008186945019595988,0.0009158851664910706
2017-05-30,0.000689926073230519,0.0002337237159979147,4.2001974067682545e-05,0.00027236082900900893,0.00038428145684266167,0.0002882842649849794,0.0006742993912882755,0.0008186945019595988,0.0009158851664910706
2017-05-31,0.00019665743024629937,0.00022019114621311177,1.8026722327793323e-05,0.0003666161038098706,0.00038786486218516704,0.0002857032053028712,0.0006742993912882755,0.0008186945019595988,0.0009158851664910706
2017-06-01,3.3684113578894484e-06,0.00012508170035596615,0.00018746306202545665,0.00032393370326405993,0.00037900152551488195,0.00028512763115313435,0.0006742993912882755,0.0008186945019595988,0.0009158851664910706
2017-06-02,9.685155129293803e-06,0.0003280062083776021,0.0001970327533899738,0.00030341546357651227,0.00037134686656669724,0.0002893297786106604,0.0006742993912882755,0.0008186945019595988,0.0009158851664910706
2017-06-03,0.00015997628512287742,4.1657543145169755e-05,3.9492157976819256e-05,0.0002982783680356682,0.00036983491416435076,0.00028969131183380673,0.0006742993912882755,0.0008186945019595988,0.0009158851664910706
2017-06-04,6.49898557005061e-05,2.8126950217724297e-05,0.00022418324884772886,0.0003151571105939986,0.00034060357010444643,0.00028688021247850256,0.0006742993912882755,0.0008186945019595988,0.0009158851664910706
2017-06-05,3.824570181548393e-05,9.711770996109749e-05,9.184342139631515e-05,0.0002703763080225241,0.0003280935929757431,0.0002921181795899169,0.0006742993912882755,0.0008186945019595988,0.0009158851664910706
2017-06-06,8.360260309274094e-05,0.0005165873344389414,3.559641394134344e-05,0.0002586613702217175,0.0003275227382727932,0.0002908784808130751,0.0006742993912882755,0.0008186945019595988,0.0009158851664910706
2017-06-07,9.4661520337258e-05,3.586362793400906e-05,0.00010293331199036937,0.0002686161964354613,0.0003844974181361542,0.00029008889260915687,0.0006742993912882755,0.0008186945019595988,0.0009158851664910706
2017-06-08,0.00016208071802231228,9.218033690053494e-05,4.7889346580528086e-05,0.0002745421992209174,0.00032778994903489845,0.0002913345494695972,0.0006742993912882755,0.0008186945019595988,0.0009158851664910706
2017-06-09,4.413619738593294e-05,4.061587981827715e-05,0.00036219371120847175,0.0002815875549745918,0.00033574033042087453,0.0002831260484487532,0.0006742993912882755,0.0008186945019595988,0.0009158851664910706
2017-06-10,1.3984739383532909e-05,0.00010957961542745311,5.2238023070928276e-05,0.00026800776490921427,0.0003321163776061061,0.00029193677039497786,0.0006742993912882755,0.0008186945019595988,0.0009158851664910706
2017-06-11,0.00022356568047064113,7.323138703207162e-06,0.0006868858888954295,0.0002650455494967846,0.0003392699265460832,0.0002893969988199649,0.0006742993912882755,0.0008186945019595988,0.0009158851664910706
2017-06-12,5.019599078209173e-05,3.0769079800877443e-05,4.865485673504983e-05,0.00029575713874334267,0.0003022429530855759,0.0003052534857658326,0.0006742993912882755,0.0008186945019595988,0.0009158851664910706
2017-06-13,0.01674386100848392,0.0007060908474749295,8.438283973523461e-05,0.0002753541372771451,0.0003040209016710987,0.0002975128726099682,0.0006742993912882755,0.0008186945019595988,0.0009158851664910706
2017-06-14,0.0011039452786610342,0.003593414698385519,0.0032329685417182095,0.002935557047945683,0.0003946023645245663,0.0002977877712258872,0.0006742993912882755,0.0008186945019595988,0.0009158851664910706
2017-06-15,0.0006269735906476208,9.585204152036228e-05,0.0015964139978619585,0.00135261941355782,0.0008333679954004463,0.0003814421276537745,0.0006742993912882755,0.0008186945019595988,0.0009158851664910706
2017-06-16,0.00026791546393310035,0.00019785295129890303,0.0004724132414704428,0.0013362040233921807,0.0005392845115260084,0.000392968623135817,0.0006742993912882755,0.0008186945019595988,0.0009158851664910706
2017-06-17,5.0987118926254496e-05,2.3793814827050238e-05,0.002208732246842057,0.0013006734547798908,0.0005586165931011572,0.00038339953298747765,0.0006742993912882755,0.0008186945019595988,0.0009158851664910706
2017-06-18,0.0002911004259500461,3.389457659658231e-05,0.0005323416373266155,0.0012779510921682564,0.0005438787938736929,0.0004388756476783485,0.0006742993912882755,0.0008186945019595988,0.0009158851664910706
2017-06-19,0.00020371457438389493,0.0005475402640736411,4.742358396793022e-05,0.0003786594807413021,0.0005070966040810294,0.0004308686021562961,0.0006742993912882755,0.0008186945019595988,0.0009158851664910706
2017-06-20,0.00015036292140070145,0.00032990363719778877,4.397078251893521e-05,0.00031880384868741845,0.0003794563139131063,0.0004099231731256738,0.0006742993912882755,0.0008186945019595988,0.0009158851664910706
2017-06-21,0.00013053071287078818,0.0006371025023504306,7.522826414459352e-05,0.00028642443514745157,0.00037417965195990065,0.00040354156534217606,0.0006742993912882755,0.0008186945019595988,0.0009158851664910706
2017-06-22,4.8244512823230706e-05,0.00033421515358137143,5.632156201552356e-05,0.0002774037967002171,0.000424276908760108,0.0004029240003200691,0.0006742993912882755,0.0008186945019595988,0.0009158851664910706
2017-06-23,0.000105407948782908,0.00021385782083954623,3.7350389832923205e-05,0.0002688218193328276,0.0004161931018657881,0.0003956510692278113,0.0006742993912882755,0.0008186945019595988,0.0009158851664910706
2017-06-24,0.00015836657805467816,0.000462999201146321,4.086921591802711e-06,0.0002642482371409212,0.0004161229509486253,0.00039155041348226395,0.0006742993912882755,0.0008186945019595988,0.0009158851664910706
2017-06-25,0.000704665592470331,0.0007488104891024609,0.00016313570232752146,0.0002670514679483852,0.00043217872938037345,0.00038829297886582595,0.0006742993912882755,0.0008186945019595988,0.0009158851664910706
2017-06-26,1.4294574616811955e-06,2.0903243191975936e-05,3.8011793019137105e-05,0.00035475023531569263,0.0004791135759810376,0.0003920879219530349,0.0006742993912882755,0.0008186945019595988,0.0009158851664910706
2017-06-27,0.00014679907661849215,0.0011033949293087612,0.0009218574262294349,0.0002737988500172962,0.00038350782814557203,0.0003880267673263038,0.0006742993912882755,0.0008186945019595988,0.0009158851664910706
2017-06-28,0.0032245508101472727,0.001659065072814572,0.0012905087129297633,0.00029443683358985857,0.000516685838264601,0.0004118880910426308,0.0006742993912882755,0.0008186945019595988,0.0009158851664910706
2017-06-29,0.003770959777339748,0.0117054959787698,0.0011252070599283594,0.0007882079536527484,0.0006434822230358335,0.0004380484777210383,0.0006742993912882755,0.0008186945019595988,0.0009158851664910706
2017-06-30,4.284317895436951e-05,0.0009401621714251215,0.0016356066204229166,0.0010433455494661137,0.002107873116376158,0.0004550380775708855,0.0006742993912882755,0.0008186945019595988,0.0009158851664910706
2017-07-01,8.122244362844925e-05,0.0013460037437340432,0.0004682520602846107,0.0006151586660276564,0.001214979878079283,0.0004881771935155829,0.0006742993912882755,0.0008186945019595988,0.0009158851664910706
2017-07-02,0.0003176900146414504,0.00038137711195403547,0.00020029167866049308,0.0006236159437409479,0.0013223513842671405,0.00047950014080443045,0.0006742993912882755,0.0008186945019595988,0.0009158851664910706
2017-07-03,1.9215499287511124e-05,0.00020322582376741346,9.028195879863275e-05,0.0006576044873899357,0.001200746643188927,0.0004763751652979033,0.0006742993912882755,0.0008186945019595988,0.0009158851664910706
2017-07-04,8.722384227369696e-05,8.295076721771713e-06,0.00021666182486693896,0.00044653497777417885,0.0011040169639194924,0.00046245005671349403,0.0006742993912882755,0.0008186945019595988,0.0009158851664910706
2017-07-05,0.000311814278301305,0.00014490508649016775,0.0034014669706244347,0.0002467136570527183,0.00043173472604918716,0.00046290928698382744,0.0006742993912882755,0.0008186945019595988,0.0009158851664910706
2017-07-06,4.491043414570903e-05,0.0009791451965878593,0.0042988362367374555,0.00030820589633981154,0.0003990181286195139,0.0005487754018363594,0.0006742993912882755,0.0008186945019595988,0.0009158851664910706
2017-07-07,0.00017257292841096428,2.769229494634171e-05,3.427803564818313e-05,0.000279631645493522,0.00045038042754186547,0.0005866725888247738,0.0006742993912882755,0.0008186945019595988,0.0009158851664910706
2017-07-08,0.0005775818834084773,0.0003513076727042044,0.00010381562844093581,0.0002855070541175613,0.00035079062955124715,0.0005208259690451015,0.0006742993912882755,0.0008186945019595988,0.0009158851664910706
2017-07-09,5.0574895951297996e-05,0.0002734906201544865,0.0009247631553099839,0.00035893532215663395,0.00038612427949482594,0.0005162813571065121,0.0006742993912882755,0.0008186945019595988,0.0009158851664910706
2017-07-10,0.00019516643550118203,0.00011724868868515467,2.962213637970511e-05,0.00030158022116523133,0.00039428137427753433,0.0005086073479091717,0.0006742993912882755,0.0008186945019595988,0.0009158851664910706
2017-07-11,6.885423163278133e-05,2.1581436725871025e-05,0.0004602879705286429,0.0003103331801174042,0.0003795625469914017,0.00048044303422765293,0.0006742993912882755,0.0008186945019595988,0.0009158851664910706
2017-07-12,5.797400240369063e-05,5.459552667296066e-05,0.00012379874736909486,0.00029861177649667447,0.00031823456993542305,0.0004770832190567531,0.0006742993912882755,0.0008186945019595988,0.0009158851664910706
2017-07-13,0.0001476333002300422,2.9493911277813406e-05,0.0004659108406847344,0.00029116172730724737,0.0003227187663386401,0.0004751667956245085,0.0006742993912882755,0.0008186945019595988,0.0009158851664910706
2017-07-14,0.00012095387941071265,0.00026094834248658786,7.562975865647671e-05,0.00027639656082984474,0.00030302217405229787,0.0004854951558109365,0.0006742993912882755,0.0008186945019595988,0.0009158851664910706
2017-07-15,4.930857271821525e-05,8.224023312829211e-05,1.5802202505138132e-05,0.0002774492038759071,0.0003217879731691365,0.0004788411091078188,0.0006742993912882755,0.0008186945019595988,0.0009158851664910706
2017-07-16,5.024786810980254e-05,0.00034387583481266946,0.0001579158431113777,0.00026181713668808757,0.00030493353104538737,0.0004778818662109043,0.0006742993912882755,0.0008186945019595988,0.0009158851664910706
2017-07-17,9.726833960781044e-05,0.0002085118108886173,0.0002935778368710652,0.00026102076827555216,0.00034504203768797654,0.00048044518052300423,0.0006742993912882755,0.0008186945019595988,0.0009158851664910706
2017-07-18,0.0001884157111177098,0.0003021766412802007,5.1576666326448365e-05,0.00026900503514294585,0.00034272396629914516,0.0004842822969445389,0.0006742993912882755,0.0008186945019595988,0.0009158851664910706
2017-07-19,0.0007742169348524215,5.592955526454291e-05,0.00029595672104172535,0.000280599816833417,0.0003656610300110857,0.0004805770185979956,0.0006742993912882755,0.0008186945019595988,0.0009158851664910706
2017-07-20,3.035943602161399e-05,6.146468070320458e-05,0.0005805265777995177,0.0003778868878741833,0.00033429413778598077,0.00047482840721154395,0.0006742993912882755,0.0008186945019595988,0.0009158851664910706
2017-07-21,3.9563446156232144e-05,0.00022912456059021038,2.9819331212838437e-05,0.00030320770830277104,0.00033479074086339153,0.00046949779823602094,0.0006742993912882755,0.0008186945019595988,0.0009158851664910706
2017-07-22,0.00011183185278366194,3.261633130049856e-05,0.00017072700640748513,0.00030875514863591154,0.0003510202144714065,0.0004477883245426463,0.0006742993912882755,0.0008186945019595988,0.0009158851664910706
2017-07-23,4.070012253864514e-05,0.00034003540892764346,4.299340717782617e-05,0.0003957969765634691,0.00036338401874615856,0.0004384706125699926,0.0010255295818663208,0.0009691120365906173,0.0009414651331564966
2017-07-24,8.226372062655674e-05,0.0002600254631753679,0.0003011517835427324,0.0003867683448343605,0.0004015950523349291,0.00042636845100788387,0.0010255295818663208,0.0009691120365906173,0.0009414651331564966
2017-07-25,0.0004725121809319235,1.6887602215127608e-05,6.0595652812058986e-05,0.0003769419415378939,0.0004023305055718444,0.00043999347122789423,0.0010255295818663208,0.0009691120365906173,0.0009414651331564966
2017-07-26,5.3311161058982406e-05,5.743566533527807e-05,7.825644572300796e-05,0.00041798714610648605,0.00037483861680027834,0.0004269149198601796,0.0010255295818663208,0.0009691120365906173,0.0009414651331564966
2017-07-27,0.00010709355345275457,3.883102550613389e-05,0.00018866660459927338,0.00038227766360377446,0.0003715204798385865,0.00042589887056636766,0.0010255295818663208,0.0009691120365906173,0.0009414651331564966
2017-07-28,4.3818730929125595e-05,0.0002811179773432597,8.7322079960236e-05,0.0003875914285147758,0.0003701532765417307,0.00038539708071767625,0.0010255295818663208,0.0009691120365906173,0.0009414651331564966
2017-07-29,2.341065875776903e-05,1.3067901613366073e-05,0.00015136178889791548,0.0003822076640027892,0.00039605808731925797,0.0003207518581037292,0.0010255295818663208,0.0009691120365906173,0.0009414651331564966
2017-07-30,0.00014271621461617502,2.591036319595055e-05,3.052905204384289e-05,0.0003797990348201442,0.00035643544160162007,0.00032506206673711186,0.0010255295818663208,0.0009691120365906173,0.0009414651331564966
2017-07-31,8.550357034388772e-05,3.901339155913996e-05,0.0004979136431367956,0.0003849141976758523,0.00035932991162447396,0.0003182437479814067,0.0010255295818663208,0.0009691120365906173,0.0009414651331564966
2017-08-01,0.00025122550453558475,5.676210807578979e-05,0.0008886161630175654,0.00038051696391318296,0.00036073903893913523,0.0003352658712220039,0.0010255295818663208,0.0009691120365906173,0.0009414651331564966
2017-08-02,0.00026090732001246954,0.00013550076366404225,1.2793741974873597e-05,0.00039756333752146583,0.0003636426375244543,0.00036768988079003995,0.0010255295818663208,0.0009691120365906173,0.0009414651331564966
2017-08-03,0.00044749013355148924,5.540657013810398e-05,3.698978672722745e-05,0.0004021553680771402,0.00036535565926944745,0.000319822654020028,0.0010255295818663208,0.0009691120365906173,0.0009414651331564966
2017-08-04,0.00015320876260677658,0.00025525380267320545,0.00013492734357403954,0.00042551939463034963,0.0003585820197947355,0.0003194392899557941,0.0010255295818663208,0.0009691120365906173,0.0009414651331564966
2017-08-05,0.00015000134749447252,1.7011832507344813e-05,0.0001387346688029203,0.0004003569801701072,0.0003893652686930865,0.00031960783131337726,0.0010255295818663208,0.0009691120365906173,0.0009414651331564966
2017-08-06,4.809112801668017e-05,6.320090922449707e-05,3.963831182565717e-05,0.0004013033974195275,0.0003635864362911429,0.00031978083464438576,0.0010255295818663208,0.0009691120365906173,0.0009414651331564966
2017-08-07,0.00011349805960536782,0.00014940254041707302,0.00014673602906146142,0.00038832792453387225,0.00036890706768071365,0.000313306881198208,0.0010255295818663208,0.0009691120365906173,0.0009414651331564966
2017-08-08,3.266734658775875e-05,9.208084485163036e-05,0.0006646910236855387,0.00039067710101014873,0.00037946481057598604,0.0003185363092473775,0.0010255295818663208,0.0009691120365906173,0.0009414651331564966
2017-08-09,0.0004057788552035878,0.0010412771201668354,0.00015081195046976901,0.00037538336637535466,0.0003752976074491453,0.0003498318185198768,0.0010255295818663208,0.0009691120365906173,0.0009414651331564966
2017-08-10,0.00015749435348288618,2.864959543603671e-05,9.805707297111476e-05,0.00041192925404694733,0.0005093740531804826,0.00032704895020850447,0.0010255295818663208,0.0009691120365906173,0.0009414651331564966
2017-08-11,7.173617257579578e-05,0.0004691608221970171,0.0002414585539930488,0.00039303114026382997,0.0004009417562014803,0.0003216400061330599,0.0010255295818663208,0.0009691120365906173,0.0009414651331564966
2017-08-12,0.00011292735336960506,2.9607049788142487e-05,0.0011832569769300676,0.00038597300307183593,0.0004647455394914427,0.0003240831708513069,0.0010255295818663208,0.0009691120365906173,0.0009414651331564966
2017-08-13,0.0001075310807762777,3.971553783830082e-05,0.00011497516621031846,0.00038923208470454307,0.00041285704049128083,0.00038754010022059676,0.0010255295818663208,0.0009691120365906173,0.0009414651331564966
2017-08-14,9.721649699931212e-05,0.00014643433018203474,1.0592125826419428e-05,0.0003903307580321254,0.00041162886832283246,0.00033497715403671164,0.0010255295818663208,0.0009691120365906173,0.0009414651331564966
2017-08-15,2.6919720862556985e-05,9.02913523009711e-05,0.0005654454974992415,0.00038284977695299396,0.0003846132817353453,0.0003292392878034817,0.0010255295818663208,0.0009691120365906173,0.0009414651331564966
2017-08-16,0.0002593858262822592,0.0006188301471709171,9.783841768077692e-05,0.0003743036502998197,0.00038184885213771885,0.0003603497532020626,0.0010255295818663208,0.0009691120365906173,0.0009414651331564966
2017-08-17,3.0059540183872295e-05,0.00030171638818332803,9.980462318870582e-05,0.0003990228529013492,0.0004432455491672408,0.0003384643583860091,0.0010255295818663208,0.0009691120365906173,0.0009414651331564966
2017-08-18,2.5295402467628005e-05,0.0008254338207472865,5.359562779777591e-05,0.00037763740435883174,0.00042017315870604785,0.0003361332905936265,0.0010255295818663208,0.0009691120365906173,0.0009414651331564966
2017-08-19,3.850779997569491e-05,3.8443281385368386e-05,0.00014207335490998722,0.00037583774725727685,0.0005082595151800337,0.00033187565344371307,0.0010255295818663208,0.0009691120365906173,0.0009414651331564966
2017-08-20,2.5902157912729158e-05,0.00012769321252179553,0.00014032425777830244,0.0003757829846921237,0.00041962536372449943,0.00033715964312928996,0.0010255295818663208,0.0009691120365906173,0.0009414651331564966
2017-08-21,0.0006338379338627576,0.0003023352842710919,4.287210129035457e-05,0.00037466626978493415,0.0004304792786426795,0.0003358485100703283,0.0010255295818663208,0.0009691120365906173,0.0009414651331564966
2017-08-22,5.5628002465106187e-05,0.0002535315185741692,4.033035391575673e-05,0.0004329266048583082,0.0004344810583432939,0.0003312896092763187,0.0010255295818663208,0.0009691120365906173,0.0009414651331564966
2017-08-23,0.00029559714126811665,0.00011814199506786199,0.00012665758684640198,0.0003837443769829315,0.00042638065287598994,0.0003245032792435835,0.0010255295818663208,0.0009691120365906173,0.0009414651331564966
2017-08-24,7.66267506555873e-05,0.00025190752612409,0.001195212272032349,0.00040984074906136526,0.0003806307443215034,0.00031790763970303444,0.0010255295818663208,0.0009691120365906173,0.0009414651331564966
2017-08-25,0.00024400148696326887,4.203589212394368e-05,5.5274899837933935e-05,0.00039245970833186593,0.0004039787768493746,0.0003877973961457332,0.0010255295818663208,0.0009691120365906173,0.0009414651331564966
2017-08-26,0.0006710908786478777,0.0016293647746460475,8.253599800553428e-06,0.0004121627760614239,0.000377677014959963,0.00033408044887457764,0.0010255295818663208,0.0009691120365906173,0.0009414651331564966
2017-08-27,5.529597463607715e-06,0.0003005886531386045,4.657886328133915e-05,0.00044776856219426074,0.0006019677078523218,0.0003299715350273282,0.0010255295818663208,0.0009691120365906173,0.0009414651331564966
2017-08-28,0.00092779707938728,0.00767994616317914,5.492515380309483e-05,0.0003899304666088759,0.00045997756598859153,0.0003304824084062898,0.0010255295818663208,0.0009691120365906173,0.0009414651331564966
2017-08-29,5.055012523321396e-05,0.00048613676798770725,5.7768836390933644e-05,0.0004791285748475482,0.0015594276673507514,0.00033091295874581255,0.0010255295818663208,0.0009691120365906173,0.0009414651331564966
2017-08-30,0.0009490027902496109,0.0004357296472457472,0.0002668710678959602,0.00040323657298915966,0.0007939270092456341,0.0003269133224511153,0.0010255295818663208,0.0009691120365906173,0.0009414651331564966
2017-08-31,0.0007155611505716913,8.658672588221341e-05,0.0017323482160947377,0.0004917482035056122,0.0008045536841340056,0.00033164307696069504,0.0010255295818663208,0.0009691120365906173,0.0009414651331564966
2017-09-01,0.002351257224854358,0.0014062689222997902,0.002801523879525401,0.00047137557794495427,0.0007027019319626389,0.0004276279074700972,0.0010255295818663208,0.0009691120365906173,0.0009414651331564966
2017-09-02,0.00123938948439709,0.00022139815507082704,2.3097813707974667e-05,0.0006524767445598471,0.0008884721708803897,0.0005234977163473657,0.0010255295818663208,0.0009691120365906173,0.0009414651331564966
2017-09-03,0.00024984541936833477,0.0003030722936954712,1.0762098970468332e-05,0.0005586743578642094,0.0004352489602518326,0.00038926854497073815,0.0010255295818663208,0.0009691120365906173,0.0009414651331564966
2017-09-04,9.420546805128876e-05,0.0012007156677294108,0.0004905115932944984,0.0004770050507993651,0.0004350913161910572,0.00037187048929759057,0.0010255295818663208,0.0009691120365906173,0.0009414651331564966
2017-09-05,0.0006285641282442703,0.0009208260124705012,0.0009000230816581043,0.000445976631053962,0.0005612480201334992,0.0004004087284898587,0.0010255295818663208,0.0009691120365906173,0.0009414651331564966
2017-09-06,0.0003930671622003161,6.570108356213556e-05,0.0003456076798891899,0.00048820655286285444,0.0005649713159411943,0.00043029142745348474,0.0010255295818663208,0.0009691120365906173,0.0009414651331564966
2017-09-07,0.003832509282123619,0.00023374076836228726,0.0025221787281855855,0.0004260503541230447,0.0004142973141156998,0.00039482295062568415,0.0010255295818663208,0.0009691120365906173,0.0009414651331564966
2017-09-08,0.002005305880599793,4.947665697456228e-05,5.0530099376436e-05,0.0007624557015253311,0.00043425292197990143,0.0005383009988173646,0.0010255295818663208,0.0009691120365906173,0.0009414651331564966
2017-09-09,0.004365311405178536,0.0033773911489065867,0.0004526742980771948,0.0006337897422791958,0.0004041768488688781,0.00042112885060117874,0.0010255295818663208,0.0009691120365906173,0.0009414651331564966
2017-09-10,0.0010135706464523661,0.0005047458176914434,0.004765131484972233,0.0009089505369808452,0.0008490367242354573,0.00044568323915203134,0.0010255295818663208,0.0009691120365906173,0.0009414651331564966
2017-09-11,1.4771350015467733e-05,0.00010199287429771682,7.895984367386416e-05,0.0006243877617814546,0.0005199089075575351,0.0007246516774482147,0.0010255295818663208,0.0009691120365906173,0.0009414651331564966
2017-09-12,0.0007070595856912188,3.524146281771715e-05,4.337738354642911e-05,0.0005305449746253702,0.00047821905422362857,0.0005020912789369206,0.0010255295818663208,0.0009691120365906173,0.0009414651331564966
2017-09-13,5.2140504470677416e-05,2.993429951834867e-05,2.1761260009326102e-05,0.0005253220822801293,0.0004632590115868835,0.0004941728619311704,0.0010255295818663208,0.0009691120365906173,0.0009414651331564966
2017-09-14,0.00010894943486610208,0.00014492564143676046,0.00023669107591443102,0.0004285317383732275,0.00046259944084162477,0.0004928164237494539,0.0010255295818663208,0.0009691120365906173,0.0009414651331564966
2017-09-15,4.582956883530441e-05,0.000304130542762656,0.00046551420390184906,0.00034616199259490346,0.00033339081461583055,0.0005039758454234867,0.0010255295818663208,0.0009691120365906173,0.0009414651331564966
2017-09-16,0.0002047185220345543,0.0019630626648487544,0.00029565404486183323,0.0003208379252520139,0.0003415723260823208,0.0004935395281069712,0.0010255295818663208,0.0009691120365906173,0.0009414651331564966
2017-09-17,0.00015452464092191804,3.6907972357631855e-05,0.000559166426100518,0.00033860444444819456,0.0005950732306829003,0.0004894978373740912,0.0010255295818663208,0.0009691120365906173,0.0009414651331564966
2017-09-18,0.0012888865449125438,0.00016388504367756648,5.402021357895473e-05,0.00032482037647344527,0.00039321111074566473,0.0005110715548174749,0.0010255295818663208,0.0009691120365906173,0.0009414651331564966
2017-09-19,0.0023141825356699144,0.0006453916787227697,0.0004505719489061179,0.00044325718603951416,0.00041321616823788635,0.0004874345641161354,0.0010255295818663208,0.0009691120365906173,0.0009414651331564966
2017-09-20,0.00024423884647091813,0.001673818547087351,0.000713254831511668,0.0005719220481690983,0.0005111111053903164,0.0005123107369783232,0.0010255295818663208,0.0009691120365906173,0.0009414651331564966
2017-09-21,0.003405614839295847,0.0003084431031756725,0.00031325663930515367,0.00044919711405697353,0.0006229633372163768,0.0005410552142871058,0.0010506796022620398,0.0009917312714142414,0.0009658774033765984
2017-09-22,8.72505902914814e-06,0.001927809392204941,5.107943041927954e-05,0.000856956483926252,0.000466596546656084,0.0005228655767288852,0.0010506796022620398,0.0009917312714142414,0.0009658774033765984
2017-09-23,0.001312150323303585,0.002247819058835159,0.00015188463006637573,0.00047351231204653525,0.0006461922005777138,0.0004859797243415517,0.0010506796022620398,0.0009917312714142414,0.0009658774033765984
2017-09-24,2.92691276086357e-05,6.74786000387512e-05,0.0002821961407639345,0.0006196143680346879,0.0007611548967466416,0.0004529803967404589,0.0010506796022620398,0.0009917312714142414,0.0009658774033765984
2017-09-25,0.00020663753852220634,0.0001957323598865154,0.0006180984728744271,0.00043791089688486224,0.0006081616355236157,0.0004626632681714012,0.0010506796022620398,0.0009917312714142414,0.0009658774033765984
2017-09-26,6.63808801763942e-05,5.4873827759178436e-05,4.7731347934153495e-05,0.0004571613782005222,0.0005464446141198418,0.0004870915347928225,0.0010506796022620398,0.0009917312714142414,0.0009658774033765984
2017-09-27,0.00011865304077965372,1.015953302717334e-05,3.651636375935582e-05,0.00038671686920226735,0.0005281074204876896,0.000453598175365221,0.0010506796022620398,0.0009917312714142414,0.0009658774033765984
2017-09-28,6.21502413945862e-05,0.00019002816717923824,3.3878162506668614e-05,0.0003941852564187468,0.00043696813457865116,0.0004407192582907539,0.0010506796022620398,0.0009917312714142414,0.0009658774033765984
2017-09-29,8.554913608789887e-05,0.00020871410641985785,0.00012228323136243534,0.00036724598193172596,0.0003507158128454575,0.0004360254346931204,0.0010506796022620398,0.0009917312714142414,0.0009658774033765984
2017-09-30,0.00010289761137388641,1.758502085406937e-05,0.00019896911111952088,0.0003693774002352387,0.00035845523786929635,0.00040575500469961694,0.0010506796022620398,0.0009917312714142414,0.0009658774033765984
2017-10-01,0.0002487065015505994,2.298365048956013e-05,0.00018087120615428116,0.00036890467281224047,0.0003390942584550835,0.00041108041473345334,0.0010506796022620398,0.0009917312714142414,0.0009658774033765984
2017-10-02,9.827976394786044e-05,7.951549337670268e-05,0.00032110694337153284,0.00038668387293151144,0.0003428850959733136,0.0004064749460251822,0.0010506796022620398,0.0009917312714142414,0.0009658774033765984
2017-10-03,0.0003199749241537458,2.7170853447915738e-05,0.00011106420148457271,0.0003691420201915536,0.00035003736401707834,0.0003498861116371677,0.0010506796022620398,0.0009917312714142414,0.0009658774033765984
2017-10-04,4.876320381767971e-05,5.865896130069248e-05,1.8950541464501355e-05,0.0003983333255077,0.00033948523457557375,0.00034051213161756294,0.0010506796022620398,0.0009917312714142414,0.0009658774033765984
2017-10-05,3.7325826670644725e-05,0.00021249751657932578,0.0002733403184522715,0.0003670796221145297,0.0003342371721485601,0.00033571604811391016,0.0010506796022620398,0.0009917312714142414,0.0009658774033765984
2017-10-06,5.29048422624868e-05,0.0002292545169471628,0.00010927223325350625,0.00036471755729923153,0.00035200355609137893,0.000351383820225299,0.0010506796022620398,0.0009917312714142414,0.0009658774033765984
2017-10-07,1.6855436742658674e-05,0.00017651689411378492,0.00020125475483115447,0.0003632347144248979,0.0003625182299587024,0.00034175330927200794,0.0010506796022620398,0.0009917312714142414,0.0009658774033765984
2017-10-08,5.533205942224785e-05,4.367993278007164e-05,4.4325555349410494e-05,0.0003578485840920625,0.0003642042914566836,0.000342199455538428,0.0010506796022620398,0.0009917312714142414,0.0009658774033765984
2017-10-09,0.0006167282317834623,1.3645436217666303e-05,0.00011216427164311435,0.0003577694058147956,0.0003601398283994258,0.00033114040562593204,0.0010506796022620398,0.0009917312714142414,0.0009658774033765984
2017-10-10,3.9077951289153955e-05,7.134080246106998e-05,0.00012439817860616462,0.0004301816238556712,0.0003563265749240946,0.0003280468326808559,0.0010506796022620398,0.0009917312714142414,0.0009658774033765984
2017-10-11,3.864976678468952e-05,0.0006338677332864322,8.497573976267602e-05,0.00036498465181928236,0.00035318365638962876,0.0003294826781897504,0.0010506796022620398,0.0009917312714142414,0.0009658774033765984
2017-10-12,6.677973845588272e-05,0.00013880205286775324,0.00022186046828546904,0.0003638445542649021,0.00040471068300437465,0.0003223763518296527,0.0010506796022620398,0.0009917312714142414,0.0009658774033765984
2017-10-13,4.4624838888784046e-05,4.283313588128475e-05,5.5126588994260476e-05,0.0003677489279125623,0.0003765800724036251,0.00032183431839901013,0.0010506796022620398,0.0009917312714142414,0.0009658774033765984
2017-10-14,0.0006650842934410951,0.00015861620049485728,0.00010769716861343833,0.00036382187931015617,0.0003713826060688795,0.00031029192662581566,0.0010506796022620398,0.0009917312714142414,0.0009658774033765984
2017-10-15,3.54799122695933e-05,9.746457993625664e-05,4.47205241397968e-05,0.00043441481549273404,0.00038750009067186334,0.0003135763102946142,0.0010506796022620398,0.0009917312714142414,0.0009658774033765984
2017-10-16,0.00015933913914059871,4.56493912088852e-05,0.00027067030282021203,0.0003632960360298352,0.00038837568396955633,0.0003089961017685481,0.0010506796022620398,0.0009917312714142414,0.0009658774033765984
2017-10-17,0.0002144975381249055,2.5222261625377507e-05,0.00038002563926845673,0.0003792070545112012,0.00035783390995249893,0.00031967330037831096,0.0010506796022620398,0.0009917312714142414,0.0009658774033765984
2017-10-18,6.163745573959358e-05,0.0004036364323240458,4.583982444481266e-05,0.0003878135005774552,0.0003515802351981284,0.0003215868303021335,0.0010506796022620398,0.0009917312714142414,0.0009658774033765984
2017-10-19,3.1782686417764285e-05,9.768037699092172e-06,5.709783933923582e-05,0.0003709549584790022,0.00038986865809731376,0.0003057857076955736,0.0010506796022620398,0.0009917312714142414,0.0009658774033765984
2017-10-20,0.00014590981249976888,3.750982073232448e-05,0.00015695558733626346,0.0003571992191453109,0.00036010655229174094,0.00030656098752511376,0.0010506796022620398,0.0009917312714142414,0.0009658774033765984
2017-10-21,4.89353735387853e-05,0.00014182447571325446,6.941962537568424e-05,0.00037183370903141666,0.000359126704936998,0.00031314041889103715,0.0010506796022620398,0.0009917312714142414,0.0009658774033765984
2017-10-22,5.429472477887961e-05,0.000230961136929591,0.00036248476063395084,0.00035914023764635434,0.00036976911731693084,0.00030805764022534847,0.0010506796022620398,0.0009917312714142414,0.0009658774033765984
2017-10-23,0.00010402255000023322,3.4716392355900297e-05,0.00022683228245918907,0.00035709785198610635,0.00038425451396037306,0.00032420137247892225,0.0010506796022620398,0.0009917312714142414,0.0009658774033765984
2017-10-24,6.217199492124172e-05,0.0004346719633438726,4.652822521726763e-05,0.00036331216824706745,0.0003555891513096315,0.000318636856703129,0.0010506796022620398,0.0009917312714142414,0.0009658774033765984
2017-10-25,8.524380177419512e-05,5.6766737257176144e-05,0.00039230967465578314,0.0003591050417280294,0.00039811937039750114,0.0003061982843166194,0.0010506796022620398,0.0009917312714142414,0.0009658774033765984
2017-10-26,0.0007397207159866913,0.00035762387824288304,3.072324822115991e-05,0.0003606088347947285,0.0003771173080717167,0.000326759695067562,0.0010506796022620398,0.0009917312714142414,0.0009658774033765984
2017-10-27,6.458023460134583e-05,0.0004772554756827202,4.343032684705209e-05,0.00044555397429845323,0.00040419501770154085,0.0003098322104139279,0.0010506796022620398,0.0009917312714142414,0.0009658774033765984
2017-10-28,0.00034906279898343234,0.0003066314660724004,1.8672912525702154e-05,0.00037005006656825804,0.0004222696084561214,0.00030683315012080425,0.0010506796022620398,0.0009917312714142414,0.0009658774033765984
2017-10-29,0.00011944384912546113,0.00011846301887644788,0.00015549895593486968,0.0004060669119665518,0.00042503253390169916,0.00030416602932676256,0.0010506796022620398,0.0009917312714142414,0.0009658774033765984
2017-10-30,5.55331524699742e-05,0.002337399656324114,0.002159084757428411,0.00038130388053672393,0.0003994090324598809,0.0003100743508898632,0.0010506796022620398,0.0009917312714142414,0.0009658774033765984
2017-10-31,0.02393458331448101,1.9820818934905417e-06,0.0006347793594687248,0.0003736528267855305,0.0006312889027379298,0.00043654174379023733,0.0010506796022620398,0.0009917312714142414,0.0009658774033765984
2017-11-01,0.00021874563030664198,0.00033311327856106924,0.0009100874370179061,0.003439306970968184,0.00047953433199412636,0.0003726943514336612,0.0010506796022620398,0.0009917312714142414,0.0009658774033765984
2017-11-02,0.000979018872893966,0.0008572282527458729,0.00013267724615813182,0.0007833740709387244,0.000491543756808836,0.00039775901567974854,0.0010506796022620398,0.0009917312714142414,0.0009658774033765984
2017-11-03,0.0037974182292523214,0.00046820269987398204,0.0009592476721311719,0.00087927634446097,0.0005473444472084611,0.0003618789793202247,0.0010506796022620398,0.0009917312714142414,0.0009658774033765984
2017-11-04,0.0023710935096273845,0.0013568314318911589,0.00011460167984652533,0.0012568856225021936,0.0005407482091302134,0.0004121970627902738,0.0010506796022620398,0.0009917312714142414,0.0009658774033765984
2017-11-05,0.00019239969981452076,0.00016801887344016178,0.00191755306323304,0.0011358125791341373,0.0005442343117025545,0.0003711880721535054,0.0010506796022620398,0.0009917312714142414,0.0009658774033765984
2017-11-06,2.936300820959188e-05,0.0012539564813632467,2.5761222511594524e-05,0.00050240291562648,0.00048323430624412774,0.0004833584624026753,0.0010506796022620398,0.0009917312714142414,0.0009658774033765984
2017-11-07,0.0027590080339260324,0.00044169874097865227,0.0009123988954349742,0.00048102140298085267,0.0005875094546541331,0.00039297305610515104,0.0010506796022620398,0.0009917312714142414,0.0009658774033765984
2017-11-08,0.0011059829144431036,0.004475928520122631,0.001104457180800318,0.0008171573341193394,0.0005204541394667448,0.0004447345879443538,0.0010506796022620398,0.0009917312714142414,0.0009658774033765984
2017-11-09,4.732878403652918e-05,0.00023891898262169502,0.0007668397984736722,0.0005880933208843335,0.0009351157704680416,0.0004642865470537034,0.0010506796022620398,0.0009917312714142414,0.0009658774033765984
2017-11-10,2.6310457586497963e-05,3.2686576788372996e-05,0.00041793056306681415,0.00043134013903650963,0.000637848619148534,0.00045930168908003897,0.0010506796022620398,0.0009917312714142414,0.0009658774033765984
2017-11-11,0.0012481723063863357,0.0005956805285172763,0.0022767638376320763,0.0004262606638114296,0.0006195399257496257,0.0004465201991509176,0.0010506796022620398,0.0009917312714142414,0.0009658774033765984
2017-11-12,0.00033642790792813007,5.085336678250905e-05,0.00012611487006536858,0.0005836157427002345,0.0006204190984611869,0.0005667079241595633,0.0010506796022620398,0.0009917312714142414,0.0009658774033765984
2017-11-13,0.001010958918078201,5.624654791384964e-05,9.09480994035541e-05,0.0004418258608736999,0.0005707133960328388,0.00046528842381324275,0.0010506796022620398,0.0009917312714142414,0.0009658774033765984
2017-11-14,0.00012390723311256696,0.0002692908184132408,0.00015246676883614845,0.0005162442813643735,0.0003640816947041897,0.00045875250656580015,0.0010506796022620398,0.0009917312714142414,0.0009658774033765984
2017-11-15,1.2942975547307004e-05,0.0009386565963245896,0.0003227867129129377,0.00041806868540867487,0.000377481914922075,0.00045998732241432085,0.0010506796022620398,0.0009917312714142414,0.0009658774033765984
2017-11-16,5.812166998956399e-05,7.6940993836205e-05,9.637508101269664e-05,0.0004053920882924141,0.00045792950258867926,0.0004718748077164117,0.0010506796022620398,0.0009917312714142414,0.0009658774033765984
2017-11-17,7.653845591995616e-05,6.426741516702141e-05,0.0002238997874259717,0.00039094808339209164,0.0003837317991548697,0.00045481956421457385,0.0010506796022620398,0.0009917312714142414,0.0009658774033765984
2017-11-18,5.8660002047620134e-05,3.408815676986564e-05,0.00032711907164157463,0.00038850424473344924,0.00038406249783428536,0.00046369132696116324,0.0010506796022620398,0.0009917312714142414,0.0009658774033765984
2017-11-19,0.0014679385164403597,0.001609622928898541,3.411901509086291e-05,0.0003708950025145566,0.00038193495685516455,0.00047284576260724456,0.0010506796022620398,0.0009917312714142414,0.0009658774033765984
2017-11-20,0.001636021800326621,0.001986995366335183,0.0034835358583589337,0.00029531250955958566,0.0005206711403452535,0.0004687067306696749,0.0014910675322775916,0.0009066050349202292,0.0009378649948235061
2017-11-21,0.00018482266282647344,0.0008164675055084947,4.9410464859011944e-05,0.0003546921409801365,0.0005919210958207645,0.0006668697426840064,0.0014910675322775916,0.0009066050349202292,0.0009378649948235061
2017-11-22,0.0020042543399718528,0.0006398966908203353,0.0018464575919325307,0.0003783034628693365,0.0005391172419996,0.0004797013614700275,0.0014910675322775916,0.0009066050349202292,0.0009378649948235061
2017-11-23,0.0008194649669953665,0.0009985132030160499,0.0004054479111583966,0.0005310840872259165,0.0005490112106291772,0.0005745646003924498,0.0014910675322775916,0.0009066050349202292,0.0009378649948235061
2017-11-24,0.0003224730267729939,9.958737035923608e-05,0.0010688814446278999,0.0005758128871870572,0.0006203132026128109,0.0005018873947024609,0.0014910675322775916,0.0009066050349202292,0.0009378649948235061
2017-11-25,0.0003942454951143721,0.0004902741924626959,0.0002724458210804665,0.0005370210395986959,0.00048010778293167464,0.0005435026512107953,0.0014910675322775916,0.0009066050349202292,0.0009378649948235061
2017-11-26,9.721451415349497e-05,4.395615069375886e-05,0.00018722058427360122,0.0004987509954037164,0.0004411484179121252,0.0005065575430818207,0.0014910675322775916,0.0009066050349202292,0.0009378649948235061
2017-11-27,0.0002712236329586223,8.266398602642646e-05,2.1298248977501412e-05,0.0005088283363128697,0.000374758838742655,0.0005035148954132247,0.0014910675322775916,0.0009066050349202292,0.0009378649948235061
2017-11-28,0.001068419437840528,0.00017530577820973664,0.0010772669301113485,0.00043344229424300873,0.00035205864178950515,0.0004709457369336286,0.0014910675322775916,0.0009066050349202292,0.0009378649948235061
2017-11-29,1.4727884662622505e-05,9.807299711892473e-05,6.644742775648474e-05,0.00042901819563052765,0.0003257551349239145,0.0005330308822620069,0.0014910675322775916,0.0009066050349202292,0.0009378649948235061
2017-11-30,0.00010187741060494145,3.1521331376404024e-05,0.0007965718033732776,0.00044172802158319114,0.00032101920655828764,0.00047728275613405683,0.0014910675322775916,0.0009066050349202292,0.0009378649948235061
2017-12-01,0.0001849268841853736,0.0006183577797999292,0.0004887224303926534,0.0004326879086000346,0.00031443220007218025,0.0005032878063413795,0.0014910675322775916,0.0009066050349202292,0.0009378649948235061
2017-12-02,0.0008527214400040474,0.0009863801870159603,0.00023755914719447846,0.00043469371229758175,0.0003871328120964707,0.00048414687507985333,0.0014910675322775916,0.0009066050349202292,0.0009378649948235061
2017-12-03,0.004393720898957953,1.7816179399001148e-05,3.0254054092658133e-05,0.0004468421851542026,0.0004550166071570151,0.0004693729865329864,0.0014910675322775916,0.0009066050349202292,0.0009378649948235061
2017-12-04,4.0078096661078174e-05,2.5921478998529983e-05,0.0014897701324623266,0.0005268009688288615,0.0003720005579180095,0.0004269432958695301,0.0014910675322775916,0.0009066050349202292,0.0009378649948235061
2017-12-05,0.000221794027419608,0.0004940800400678869,1.2587874924991706e-05,0.0005857152086908141,0.0003693748529176037,0.0005098106397141529,0.0014910675322775916,0.0009066050349202292,0.0009378649948235061
2017-12-06,1.2671877454588206e-06,0.00016992309916613298,0.00041730571919457583,0.0005918257283540129,0.000426956754700783,0.00044501845024177413,0.0014910675322775916,0.0009066050349202292,0.0009378649948235061
2017-12-07,0.001428860986117271,0.0019952444014884546,0.0015773292954566036,0.00058751131694237,0.0003801223294717337,0.00046757105409671253,0.0014910675322775916,0.0009066050349202292,0.0009378649948235061
2017-12-08,1.2891884633264194e-05,0.000756455596283879,6.085209718773462e-05,0.0005869979273897534,0.0005702241838760463,0.0005355663654343333,0.0014910675322775916,0.0009066050349202292,0.0009378649948235061
2017-12-09,0.00025037116624808316,0.0002885625137385247,2.7791672502394828e-05,0.0004216078718728114,0.0005017755665717489,0.0004672560033485184,0.0014910675322775916,0.0009066050349202292,0.0009378649948235061
2017-12-10,0.0002425025861590152,0.00047911787620192394,0.0004939879359462379,0.0004265977409184362,0.0004753016861735299,0.0004670210348098502,0.0014910675322775916,0.0009066050349202292,0.0009378649948235061
2017-12-11,0.00017338924593942638,7.85002860583868e-05,0.0004192924294425939,0.0004267694294293836,0.00048795336652615525,0.0004890626323532048,0.0014910675322775916,0.0009066050349202292,0.0009378649948235061
2017-12-12,0.00030672327880769407,0.0002746710827229074,0.0012119342813567272,0.00044053088668939634,0.0004583032634015526,0.0004919558875916417,0.0014910675322775916,0.0009066050349202292,0.0009378649948235061
2017-12-13,0.005220999795299163,0.0020703195020017216,0.030721581638142526,0.000397458337648882,0.0004010465934628476,0.0004916663855238581,0.0014910675322775916,0.0009066050349202292,0.0009378649948235061
2017-12-14,3.9512074467098846e-05,0.0006088652415819192,0.00015072565971738602,0.0005304193118224745,0.0006021975159990311,0.0022116225977822225,0.0014910675322775916,0.0009066050349202292,0.0009378649948235061
2017-12-15,4.389352296421134e-05,0.0008764116739005202,5.4063780383243724e-05,0.0005974304747426081,0.0004993325701622532,0.0008201882656368419,0.0014910675322775916,0.0009066050349202292,0.0009378649948235061
2017-12-16,0.00025325311214961885,5.069949741893199e-05,0.0012824143154531958,0.0005924084707766983,0.0005402021935343987,0.0008115198220625517,0.0014910675322775916,0.0009066050349202292,0.0009378649948235061
2017-12-17,0.002656724851725407,2.4833303421174905e-05,6.905629395041014e-05,0.000593343965508775,0.00047240488429735263,0.0008671606267743033,0.0014910675322775916,0.0009066050349202292,0.0009378649948235061
2017-12-18,0.0030416294173685188,0.0003692551409465608,0.0006745807317444322,0.0006509648030829918,0.000460693466224941,0.000813196962712618,0.0014910675322775916,0.0009066050349202292,0.0009378649948235061
2017-12-19,0.0030243180212192657,0.002115002538598328,0.00013452825213792777,0.0005416205374949273,0.0004069912363681338,0.0009387721834575832,0.0014910675322775916,0.0009066050349202292,0.0009378649948235061
2017-12-20,0.001235775469844858,0.0003860682415363063,0.0002467243600942061,0.0006552149886845044,0.0006095883032552485,0.0009165634732582174,0.0014910675322775916,0.0009066050349202292,0.0009378649948235061
2017-12-21,0.0004833088553405694,0.0011136589014252571,0.0007994800001868998,0.0007277777037151957,0.00044586132610485507,0.0009075506168685838,0.0014910675322775916,0.0009066050349202292,0.0009378649948235061
2017-12-22,0.004886456903250521,0.0029131848994154073,0.0018179581292778856,0.0007451752816702477,0.0005500053747879978,0.0009455226201182044,0.0014910675322775916,0.0009066050349202292,0.0009378649948235061
2017-12-23,0.0011759231206261854,1.69692641220977e-05,5.604489224727383e-05,0.0007607884076005327,0.0008180896889303012,0.0010021976110100963,0.0014910675322775916,0.0009066050349202292,0.0009378649948235061
2017-12-24,9.54448418641279e-05,0.00012878698753775915,1.8704271881749193e-05,0.0007263252513525244,0.0005702714694686866,0.0009184735935320275,0.0014910675322775916,0.0009066050349202292,0.0009378649948235061
2017-12-25,3.7214202873178705e-05,0.000737998470348923,0.00017828751816314538,0.0006206541226172336,0.0004897820165419503,0.0009136170544668818,0.0014910675322775916,0.0009066050349202292,0.0009378649948235061
2017-12-26,0.0006466887186079066,0.00017469549665322044,0.00018504373389945073,0.0005900375984698561,0.0005522605695184527,0.00092333668941543,0.0014910675322775916,0.0009066050349202292,0.0009378649948235061
2017-12-27,0.00024202474990186562,6.389115603153718e-05,2.2265222889420694e-05,0.0005863407240853848,0.0004618864135958957,0.0009043853864294623,0.0014910675322775916,0.0009066050349202292,0.0009378649948235061
2017-12-28,6.452235951930295e-05,0.00010441874102390386,0.0008135679044175097,0.0003964569472317261,0.00032084126937482793,0.0009027004754012117,0.0014910675322775916,0.0009066050349202292,0.0009378649948235061
2017-12-29,6.841047365719522e-05,3.0471623896984192e-05,0.00034453604551939657,0.0003518119545404689,0.0003285306662031505,0.0009421212783262962,0.0014910675322775916,0.0009066050349202292,0.0009378649948235061
2017-12-30,7.797168433299452e-05,3.6437000084466393e-05,3.995975375981853e-05,0.0003565478827219532,0.000326937627686815,0.0009002731487593188,0.0014910675322775916,0.0009066050349202292,0.0009378649948235061
2017-12-31,0.0002555054649520017,5.900682939336021e-05,0.0008019642907728437,0.00035785208611792234,0.00029771065032579817,0.0008867668331897632,0.0014910675322775916,0.0009066050349202292,0.0009378649948235061
2018-01-01,3.5916335211552777e-05,5.545390152930996e-05,0.0006258809813565637,0.0003390947603382935,0.0002951431889704917,0.0009314187025861857,0.0014910675322775916,0.0009066050349202292,0.0009378649948235061
2018-01-02,0.00014417838488903773,0.0005339957907721305,0.00016826165908511925,0.0003341907883045649,0.0002964014164800096,0.0009238763843700233,0.0014910675322775916,0.0009066050349202292,0.0009378649948235061
2018-01-03,5.72065222007764e-05,0.0003092113715606123,0.0002931823533032212,0.00033625679410175885,0.00035318941520008466,0.0009013505147181504,0.0014910675322775916,0.0009066050349202292,0.0009378649948235061
2018-01-04,0.00013745866297178082,0.00043607770673361823,3.54591286290221e-05,0.00033800224441048426,0.00034798488254274827,0.0008922146818886606,0.0014910675322775916,0.0009066050349202292,0.0009378649948235061
2018-01-05,6.20455363221735e-05,2.715122695790945e-05,2.7325480097618175e-05,0.00036158572047370857,0.0003845310593555236,0.00038431202003586206,0.0014910675322775916,0.0009066050349202292,0.0009378649948235061
2018-01-06,0.0001605983859370441,0.0001152915862064995,3.3318102518248104e-05,0.00035434259094384204,0.0003526598580758852,0.0003842907696990752,0.0014910675322775916,0.0009066050349202292,0.0009378649948235061
2018-01-07,4.205180920745689e-05,0.00043186803948033205,0.00032939526176275233,0.00035779055035441225,0.000366085966649914,0.0003860108068683897,0.0014910675322775916,0.0009066050349202292,0.0009378649948235061
2018-01-08,0.0002721328321507426,0.0003756790173083978,1.470937778276678e-05,0.0003559609282007082,0.00038511096792864005,0.00038331387403316614,0.0014910675322775916,0.0009066050349202292,0.0009378649948235061
2018-01-09,3.573696778358924e-05,4.486885236645322e-05,8.704555166927e-05,0.00037237787407940273,0.0003820901720503498,0.0003692383631097157,0.0014910675322775916,0.0009066050349202292,0.0009378649948235061
2018-01-10,0.00033794845149435175,0.0004040731653289294,5.89510936137701e-05,0.00038426108326577665,0.00033844237966698974,0.00036280450734448006,0.0014910675322775916,0.0009066050349202292,0.0009378649948235061
2018-01-11,0.0001067210549735988,0.00015516084964638336,8.373266777186451e-05,0.0004036153861906416,0.00039304289471911403,0.0003602332535333594,0.0014910675322775916,0.0009066050349202292,0.0009378649948235061
2018-01-12,0.00039446783229204937,0.00011118675523751218,0.0010789306289162223,0.00040927122463478495,0.00037586655929764,0.0003585497251981632,0.0014910675322775916,0.0009066050349202292,0.0009378649948235061
2018-01-13,0.0003943411022006522,2.8472679706547903e-05,0.0002838932548831279,0.00042072018184408056,0.0003618207924664394,0.00040519980031617213,0.0014910675322775916,0.0009066050349202292,0.0009378649948235061
2018-01-14,3.0856144831228544e-05,0.0001254218915299967,4.706291931253713e-05,0.00044540762921957617,0.0003520260521838047,0.0003441071883135106,0.0014910675322775916,0.0009066050349202292,0.0009378649948235061
2018-01-15,5.5714784557877455e-05,6.18439451722478e-05,4.122804919697329e-05,0.00045490908315916974,0.00036315203811199365,0.00033351859528793384,0.0014910675322775916,0.0009066050349202292,0.0009378649948235061
2018-01-16,0.00012639856640358135,4.067279819730343e-05,0.00022014764286149583,0.00044290606894805095,0.0003422195997531064,0.0003336761904792556,0.0014910675322775916,0.0009066050349202292,0.0009378649948235061
2018-01-17,0.00015830478237047944,4.951883134547558e-05,6.691547497434901e-05,0.00044242598703818603,0.00033831905923502754,0.00034192249178599906,0.0014910675322775916,0.0009066050349202292,0.0009378649948235061
2018-01-18,0.0003256551596586829,7.062678663031655e-05,0.0002969137787122587,0.00043421916209258475,0.0003367060449413985,0.000336230720197954,0.0014910675322775916,0.0009066050349202292,0.0009378649948235061
2018-01-19,0.0002031445820340919,0.000783675688588287,1.576137479692128e-05,0.0004661030461699815,0.0003712048541391823,0.0004496055209885732,0.0015416668016082354,0.0009232145525041992,0.001677664626904418
2018-01-20,0.0002522603949031729,0.0013792613920422393,3.509213930263589e-05,0.0004744903866248229,0.00045981038112288217,0.00043603421995126333,0.0015416668016082354,0.0009232145525041992,0.001677664626904418
2018-01-21,0.00012235457036029198,0.00035684732179182244,0.00019007359432056997,0.0004820308447956696,0.0005630652459538722,0.00043357359945013653,0.0015416668016082354,0.0009232145525041992,0.001677664626904418
2018-01-22,0.0008105539259099785,0.00014153909288694397,4.851319559605125e-05,0.00048308410642850734,0.0004839537033308057,0.0004386317234446677,0.0015416668016082354,0.0009232145525041992,0.001677664626904418
2018-01-23,0.00016133757913916062,0.0007857267844135846,2.8175661950153874e-05,0.00050280683020128,0.0004683283329386555,0.0004284854203022056,0.0015416668016082354,0.0009232145525041992,0.001677664626904418
2018-01-24,2.968495562374945e-05,6.001613935462962e-05,9.921582146270375e-05,0.0005020658569305709,0.0005530008494698215,0.0004241928507633994,0.0015416668016082354,0.0009232145525041992,0.001677664626904418
2018-01-25,0.00021185953695224304,6.42923203643089e-05,9.684710013355813e-05,0.0004961995591086635,0.00045913387009008274,0.000424548103941426,0.0015416668016082354,0.0009232145525041992,0.001677664626904418
2018-01-26,5.409383618277328e-05,1.3085124464453676e-05,6.952916006710798e-05,0.0004921415055461472,0.0004028148608821136,0.00042221861560456524,0.0015416668016082354,0.0009232145525041992,0.001677664626904418
2018-01-27,3.5368369400434426e-05,4.4343576443167205e-05,0.0001265628055491095,0.0004910342890790249,0.00038559215812873193,0.0004227516000705735,0.0015416668016082354,0.0009232145525041992,0.001677664626904418
2018-01-28,2.5954856042180964e-05,5.651780019844927e-05,9.984442206179118e-05,0.00045761479742107184,0.0003839754478995391,0.00042442673917927334,0.0015416668016082354,0.0009232145525041992,0.001677664626904418
2018-01-29,5.503862326781191e-05,0.001164157406412471,6.626789332279221e-05,0.00045218894073572095,0.00035315324778646375,0.00042398001417684044,0.0015416668016082354,0.0009232145525041992,0.001677664626904418
2018-01-30,0.00046795126082895466,7.711542765432491e-05,0.00010727948917068517,0.00045295431626495876,0.0004963510454133361,0.00042096738630014986,0.0015416668016082354,0.0009232145525041992,0.001677664626904418
2018-01-31,0.00011849510328450378,4.066502676306605e-05,0.00020601795566467727,0.00045927680597484773,0.0004017905849531436,0.0004226819073988908,0.0015416668016082354,0.0009232145525041992,0.001677664626904418
2018-02-01,3.0768928635967766e-05,2.3095778655682522e-05,9.810982049445594e-05,0.0004654791682336146,0.00039978595951741826,0.0004250724262398094,0.0015416668016082354,0.0009232145525041992,0.001677664626904418
2018-02-02,0.00024413920220924407,4.5561267359823286e-05,0.0001356192182446449,0.0004670092602369565,0.0003995781676483212,0.0004232453640247936,0.0015416668016082354,0.0009232145525041992,0.001677664626904418
2018-02-03,3.664575169683927e-05,1.7259248503009344e-05,4.3791031143061296e-05,0.0004739102021453601,0.0004017579654700198,0.0004243255991901984,0.0015416668016082354,0.0009232145525041992,0.001677664626904418
2018-02-04,0.00017855346271441442,0.00014651657826616511,0.0007345935674063182,0.0004762184064401028,0.0003490588748871125,0.0004126410162207349,0.0015416668016082354,0.0009232145525041992,0.001677664626904418
2018-02-05,0.00019538615206082628,9.509850611506983e-05,0.0003264389055602085,0.0004627469822862804,0.00036294271210512584,0.0004279677681751985,0.0015416668016082354,0.0009232145525041992,0.001677664626904418
2018-02-06,3.366893722431765e-05,0.00015888115527241744,0.00034715541720056476,0.00046547440262202834,0.0003609491426166078,0.0004207573115140546,0.0015416668016082354,0.0009232145525041992,0.001677664626904418
2018-02-07,0.00011480786168132727,3.761529387739909e-05,0.00019935345506804186,0.0004673367065175854,0.0003720585287195658,0.00042242844561434515,0.0015416668016082354,0.0009232145525041992,0.001677664626904418
2018-02-08,0.00040513586330458807,2.9547334866660216e-05,2.8964451756359947e-05,0.0004609060534144988,0.000360912387500197,0.000418526265970907,0.0015416668016082354,0.0009232145525041992,0.001677664626904418
2018-02-09,0.0009234619343031915,5.610165853581312e-05,0.00018725814230169244,0.00047324805780313316,0.0003608571573406198,0.0004144927421093993,0.0015416668016082354,0.0009232145525041992,0.001677664626904418
2018-02-10,3.775506246644797e-05,0.00016941971600701577,9.702863944340561e-05,0.0004986450978230475,0.0003593123726149322,0.0004206636243814102,0.0015416668016082354,0.0009232145525041992,0.001677664626904418
2018-02-11,3.754498563336406e-05,0.00010243308934632045,3.0074760395734975e-05,0.0005014240208470528,0.0003764114511124207,0.0004209864303666181,0.0015416668016082354,0.0009232145525041992,0.001677664626904418
2018-02-12,0.00032925648579616425,4.666762327394412e-05,0.00038405625259957214,0.000502167803852836,0.00037564557782976746,0.00042160084476494626,0.0015416668016082354,0.0009232145525041992,0.001677664626904418
2018-02-13,8.519638799622601e-05,3.2937943865677084e-05,0.0002141410740467217,0.0005079083232371757,0.0003729452670513503,0.0004300296369721907,0.0015416668016082354,0.0009232145525041992,0.001677664626904418
2018-02-14,0.0002434105953564241,5.841692304587941e-05,8.892866746609743e-05,0.00049847352574678,0.00037252634940759214,0.0004265813996946289,0.0015416668016082354,0.0009232145525041992,0.001677664626904418
2018-02-15,3.960859105689643e-05,0.00022797707480534822,0.00019700477082107087,0.0004670623616444152,0.0003792894195938844,0.0004250482281284423,0.0015416668016082354,0.0009232145525041992,0.001677664626904418
2018-02-16,8.318303719150254e-05,0.00016586075148229714,0.0002203744533859252,0.0004692303813974456,0.00039598600880433945,0.000427692004308385,0.0015416668016082354,0.0009232145525041992,0.001677664626904418
2018-02-17,1.8776420219642352e-05,0.0005766529394505925,1.6387935962597598e-05,0.0004711050528637631,0.0003926405669313753,0.00042809205823061074,0.0015416668016082354,0.0009232145525041992,0.001677664626904418
2018-02-18,4.883330887053086e-05,0.00021406060784782144,4.096032733773773e-05,0.00045837578794988385,0.00044931756659312053,0.000425557449787109,0.0015416668016082354,0.0009232145525041992,0.001677664626904418
2018-02-19,5.651344439448459e-05,9.196457172178481e-05,0.0003796565983752352,0.00045644795180165487,0.000423975233592845,0.00042646273051400927,0.0015416668016082354,0.0009232145525041992,0.001677664626904418
2018-02-20,3.722820464304104e-05,3.255510002087565e-05,9.095760721436114e-06,0.0004481652787405108,0.0004143585281583042,0.0004346484353314415,0.0015416668016082354,0.0009232145525041992,0.001677664626904418
2018-02-21,9.045365894089314e-05,0.00016409428149989592,0.00010225802199986495,0.00044830942461297437,0.00040724334889038057,0.00042716962526028406,0.0015416668016082354,0.0009232145525041992,0.001677664626904418
2018-02-22,2.6814359628290483e-05,0.0004154527187448708,3.649705598780572e-05,0.00044908098778408855,0.00041836943660970486,0.0004299848655996284,0.0015416668016082354,0.0009232145525041992,0.001677664626904418
2018-02-23,6.117547989436503e-05,6.666728903311538e-05,3.4825725161752084e-05,0.0004503351149482447,0.0004313890474133775,0.00042678678051715716,0.0015416668016082354,0.0009232145525041992,0.001677664626904418
2018-02-24,0.0005904377728097193,7.386725833437265e-05,1.757192488653465e-05,0.00045043384706420516,0.0003935044971294305,0.00042619197656263395,0.0015416668016082354,0.0009232145525041992,0.001677664626904418
2018-02-25,0.0004885851707158425,6.1933264545730535e-06,0.0001862800044685114,0.00046722072862977806,0.0003931750207261387,0.0004271414391061176,0.0015416668016082354,0.0009232145525041992,0.001677664626904418
2018-02-26,0.0007592031971654482,3.140142677173842e-05,0.00026424248446282476,0.00048668405642905655,0.0003860411196408586,0.0004310293047055427,0.0015416668016082354,0.0009232145525041992,0.001677664626904418
2018-02-27,3.3132348568854275e-05,0.0011001689684053107,0.00017756087304668004,0.0005113868730008228,0.0003831127708381821,0.0004272063925555141,0.0015416668016082354,0.0009232145525041992,0.001677664626904418
2018-02-28,0.00019589754383446612,0.0010351667701926617,0.00014977336067041312,0.0005196258250061613,0.0005026417832965978,0.00042292208594434057,0.0015416668016082354,0.0009232145525041992,0.001677664626904418
2018-03-01,0.004014568083943975,0.00020994788143349966,0.00021743447846384753,0.0005233586725703615,0.0005344073288611194,0.0004196597558612634,0.0015416668016082354,0.0009232145525041992,0.001677664626904418
2018-03-02,3.602479644480791e-05,6.769867799643572e-05,0.00017826365543160464,0.0006221309507143366,0.00046580492254024575,0.0004199777098347195,0.0015416668016082354,0.0009232145525041992,0.001677664626904418
2018-03-03,3.61797394645938e-05,4.9753372429555473e-05,0.00037034503861662846,0.0006447187483446347,0.00045561181220358767,0.00042057805280021885,0.0015416668016082354,0.0009232145525041992,0.001677664626904418
2018-03-04,0.0025600816148295376,0.0020559828505248286,0.0007647230139836361,0.0006156674202767368,0.00045486191697044335,0.00042584900737194687,0.0015416668016082354,0.0009232145525041992,0.001677664626904418
2018-03-05,0.00011650756911786102,0.0005984617889502815,6.969084889470155e-05,0.0006925607518674635,0.0006646576381524447,0.000436935891639413,0.0015416668016082354,0.0009232145525041992,0.001677664626904418
2018-03-06,4.79209930625349e-05,0.0002718985024083858,0.00014336005111305233,0.0007142464923957537,0.0005123790923350077,0.00042245652035171623,0.0015416668016082354,0.0009232145525041992,0.001677664626904418
2018-03-07,4.42875867699821e-05,1.6237407150603668e-05,0.0005041963699914426,0.0005433421208888343,0.0004846418864739569,0.0004223102320922851,0.0015416668016082354,0.0009232145525041992,0.001677664626904418
2018-03-08,0.00019588444437789766,6.253959697634364e-05,0.0001950217602602741,0.0005438480648772005,0.00045966906483551885,0.00043084521659692314,0.0015416668016082354,0.0009232145525041992,0.001677664626904418
2018-03-09,0.00015068719279723265,4.80328039525238e-05,0.00023635151108177238,0.0005493422859621193,0.0004643385636249447,0.0004261871592786982,0.0015416668016082354,0.0009232145525041992,0.001677664626904418
2018-03-10,0.0003359070951808689,0.0005606789393167339,8.706591404414339e-05,0.0004448166791014296,0.00037529307623032534,0.000431049783080828,0.0015416668016082354,0.0009232145525041992,0.001677664626904418
2018-03-11,4.458897426513462e-05,0.0003384078168742729,4.487790436513128e-05,0.0004517546150490505,0.00041695068290642566,0.0004263628845038699,0.0015416668016082354,0.0009232145525041992,0.001677664626904418
2018-03-12,7.187541092879629e-05,0.0005177457805380705,0.00038623489543961894,0.0004545626612340103,0.00040151139549461553,0.0004263643732441015,0.0015416668016082354,0.0009232145525041992,0.001677664626904418
2018-03-13,0.00016747336087750858,0.00021385134901685438,0.0002360524698678123,0.00045541692077504946,0.0004378583552517541,0.00043799375462853107,0.0015416668016082354,0.0009232145525041992,0.001677664626904418
2018-03-14,1.4549619958309308e-05,0.00013550777271191807,0.000261012452022786,0.00045289453743871546,0.00041671969009776785,0.00043302946042969484,0.0015416668016082354,0.0009232145525041992,0.001677664626904418
2018-03-15,7.767740284369038e-05,1.647590625450856e-05,6.917580585631357e-05,0.00044862557524052917,0.0004129828687406872,0.0004358011158121845,0.0015416668016082354,0.0009232145525041992,0.001677664626904418
2018-03-16,0.00022627724884372366,0.0003021598615425124,4.448563329993174e-05,0.00043678375710670637,0.0003791826072410054,0.0004313593169558571,0.0015416668016082354,0.0009232145525041992,0.001677664626904418
2018-03-17,5.5289562620869766e-05,0.0006006983871351097,0.00019463188575537385,0.000442605012729201,0.0004037363921488181,0.00043089068571100893,0.0015416668016082354,0.0009232145525041992,0.001677664626904418
2018-03-18,0.00015831807080333502,6.608861824766095e-05,3.354345046109952e-05,0.00044367359867178533,0.00043080411026396226,0.00043702624454718223,0.0015416668016082354,0.0009232145525041992,0.001677664626904418
2018-03-19,8.910274993681947e-06,0.0003133694711726319,1.87779064453788e-05,0.0004433606114802945,0.0003766434839276725,0.0004349790683131007,0.0015416668016082354,0.0009232145525041992,0.001677664626904418
2018-03-20,5.106251423396665e-05,3.7174953634898994e-05,4.921867323100203e-05,0.00043387751993187787,0.000406880090311625,0.0004156687962505442,0.0015443232749125383,0.0009217872434047252,0.001675442784336048
2018-03-21,2.2061098675612062e-05,7.997009041351562e-05,0.012113234755628739,0.00043401881350280276,0.0003804632605978704,0.0004142538789794501,0.0015443232749125383,0.0009217872434047252,0.001675442784336048
2018-03-22,3.697512640761063e-05,1.729916681036482e-05,0.000281150950270241,0.0004252547656611356,0.00038161219790365736,0.0007349988714453719,0.0015443232749125383,0.0009217872434047252,0.001675442784336048
2018-03-23,4.7048923826860335e-05,7.902203988700442e-05,0.00011556452339474017,0.00042465803515363896,0.0003570275974164219,0.0004690677750120696,0.0015443232749125383,0.0009217872434047252,0.001675442784336048
2018-03-24,4.530835192254184e-05,0.0004421939878470288,0.0005684450895009675,0.00043019481697602444,0.00036448141951440346,0.0004637727073681805,0.0015443232749125383,0.0009217872434047252,0.001675442784336048
2018-03-25,0.00026304184909092,0.0004787301235767751,0.0009043171214055306,0.0004318301871084289,0.0004034556521095647,0.0004746162942054233,0.0015443232749125383,0.0009217872434047252,0.001675442784336048
2018-03-26,0.0005714236829190495,6.891360612387257e-06,8.858515672494213e-05,0.00043782247104473364,0.00042311019016381024,0.00048241835473592225,0.0015443232749125383,0.0009217872434047252,0.001675442784336048
2018-03-27,0.0007082611255031374,0.00022616308517020383,0.00028226466640192367,0.0004637296590953284,0.0003861862153555422,0.000531492161715864,0.0015443232749125383,0.0009217872434047252,0.001675442784336048
2018-03-28,0.00016073607345702928,0.001457411390778504,0.0005083141942569513,0.0004904851659728738,0.0004189944450392182,0.0005380512118781126,0.0015443232749125383,0.0009217872434047252,0.001675442784336048
2018-03-29,0.00028424209829842407,7.688748929305091e-05,0.0014973217276439646,0.0005026637481003518,0.0005915630801031478,0.0005444915484958044,0.0015443232749125383,0.0009217872434047252,0.001675442784336048
2018-03-30,4.3302074146906395e-05,0.00041111595974526865,0.00040698435944327337,0.000511101257515156,0.0004394548105952929,0.0005713124296149918,0.0015443232749125383,0.0009217872434047252,0.001675442784336048
2018-03-31,9.237138249714129e-05,0.0005242666276080456,4.0057130594299514e-05,0.0005048724250095274,0.00046740737923174673,0.0005520034911477493,0.0015443232749125383,0.0009217872434047252,0.001675442784336048
2018-04-01,0.00014194953847597677,7.420282416632666e-05,0.0004741025095099993,0.00048282456740965835,0.0004975430972243191,0.000542000608454204,0.0015443232749125383,0.0009217872434047252,0.001675442784336048
2018-04-02,1.547984768691686e-05,2.7644511804684467e-05,0.0006174243961158021,0.00045721057038412225,0.00044970891530929494,0.0005546028052436693,0.0015443232749125383,0.0009217872434047252,0.001675442784336048
2018-04-03,0.0001499014865126794,7.8899804535553e-05,8.882547955124553e-06,0.0004524585164442039,0.00038644357780946216,0.0005630823217788007,0.0015443232749125383,0.0009217872434047252,0.001675442784336048
2018-04-04,0.00010981588214272755,4.1194471073838275e-05,3.278428100481807e-05,0.0004443976445983482,0.00039431595052269447,0.0005546752482287348,0.0015443232749125383,0.0009217872434047252,0.001675442784336048
2018-04-05,3.292436461778527e-05,8.204903575294151e-05,3.648539589254573e-05,0.0004480836398186683,0.00037598861506848427,0.0005554281205257428,0.0015443232749125383,0.0009217872434047252,0.001675442784336048
2018-04-06,4.2293707305151084e-05,0.000306588782505317,6.2030550417367025e-06,0.00044639560237775373,0.00036160904662394677,0.0005532105664727292,0.0015443232749125383,0.0009217872434047252,0.001675442784336048
2018-04-07,0.0005284879573404077,4.8232506896931e-05,0.00012210269368583812,0.00044188290767613526,0.0003918155877706184,0.0005547736665721507,0.0015443232749125383,0.0009217872434047252,0.001675442784336048
2018-04-08,0.00013183020235385922,9.782700283667723e-05,0.0002793578476997318,0.00045759724372448056,0.00036876926739463087,0.0005612568904661611,0.0015443232749125383,0.0009217872434047252,0.001675442784336048
2018-04-09,0.0003689708562922557,9.139496175217672e-05,0.00043057482457577596,0.00046191731283872964,0.0003775927770939059,0.0005640039805370841,0.0015443232749125383,0.0009217872434047252,0.001675442784336048
2018-04-10,1.5939157166605364e-05,1.2861118490860718e-05,0.00017739131421509375,0.0004698136303474976,0.0003789284541641691,0.0005690578938690148,0.0015443232749125383,0.0009217872434047252,0.001675442784336048
2018-04-11,0.0035006304482515685,0.0008401769377708026,4.651022493648266e-05,0.00047378241895395027,0.0003701135838655541,0.0005641184565586984,0.0015443232749125383,0.0009217872434047252,0.001675442784336048
2018-04-12,5.0618679747703426e-05,0.0001905091913843054,0.00010482000520980134,0.0005731293068177364,0.00046938743592216163,0.0005608901208703086,0.0015443232749125383,0.0009217872434047252,0.001675442784336048
2018-04-13,7.251468800719081e-05,0.0007162525866142813,8.320762652595153e-05,0.0005979962258845029,0.0004106134917330221,0.00043806432621004205,0.0015443232749125383,0.0009217872434047252,0.001675442784336048
2018-04-14,0.00019406407092799506,0.0002443019690399621,2.7588411954483747e-05,0.0005949382970164361,0.0004843673307850661,0.0004367436372609905,0.0015443232749125383,0.0009217872434047252,0.001675442784336048
2018-04-15,0.00022681412280508854,4.672694246723604e-05,0.0001901803520947569,0.0005850406540543938,0.0004432429332346813,0.0004370748532954959,0.0015443232749125383,0.0009217872434047252,0.001675442784336048
2018-04-16,0.00023067866662944544,0.00028453914633686043,0.00018199997513991913,0.0005935950800871911,0.00042763809477192754,0.00043674750958258275,0.0015443232749125383,0.0009217872434047252,0.001675442784336048
2018-04-17,8.74876917396611e-05,7.591568225323616e-05,0.00018457420234774545,0.0004465711347931352,0.00042876429101395305,0.00042825049335333087,0.0015443232749125383,0.0009217872434047252,0.001675442784336048
2018-04-18,0.00021822003962940897,0.0003711244859986792,0.0009926560312987958,0.00045145875116022193,0.000402888382535031,0.0004288078364712859,0.0015443232749125383,0.0009217872434047252,0.001675442784336048
2018-04-19,4.1847094935253114e-05,4.6658967000795863e-05,0.005704467114646369,0.0004575706464204967,0.00041649320465422107,0.0004487446854475892,0.0015443232749125383,0.0009217872434047252,0.001675442784336048
2018-04-20,3.337938245907164e-05,8.160435717473536e-05,0.0002876502836123159,0.0004534188074845762,0.00038486507716284894,0.0005735826474199753,0.0015443232749125383,0.0009217872434047252,0.001675442784336048
2018-04-21,4.8658027625218316e-05,0.00020156530620640391,2.9601199789225606e-05,0.0004455085306515873,0.00038976291873454676,0.0004383406914364351,0.0015443232749125383,0.0009217872434047252,0.001675442784336048
2018-04-22,0.0001413887020943406,7.447647778186256e-05,7.197794462946156e-05,0.00043710249224883715,0.00039938809404039963,0.0004295619985716157,0.0015443232749125383,0.0009217872434047252,0.001675442784336048
2018-04-23,0.00012909770802033466,7.686684283348362e-05,0.0001325498519906062,0.0004381465755348169,0.0003895810135650544,0.0004315448888263711,0.0015443232749125383,0.0009217872434047252,0.001675442784336048
2018-04-24,0.0002102997143887815,1.54259582398236e-05,1.477661131040819e-05,0.00043433850373653733,0.0003773278545629083,0.0004347025828354951,0.0015443232749125383,0.0009217872434047252,0.001675442784336048
2018-04-25,9.294920381885288e-05,5.579053424153944e-05,0.00015648947870464564,0.00044029711692925944,0.0003700162256662714,0.00046104426862206597,0.0015443232749125383,0.0009217872434047252,0.001675442784336048
2018-04-26,7.228074083499846e-05,9.610187612745766e-05,0.00012661138143320205,0.0004447088588658839,0.0003730494317666275,0.000466578620958264,0.0015443232749125383,0.0009217872434047252,0.001675442784336048
2018-04-27,0.00034177830671372895,2.5455220294543586e-05,4.668690205490367e-05,0.0004461504291673664,0.0003722162512605245,0.0004662751021818117,0.0015443232749125383,0.0009217872434047252,0.001675442784336048
2018-04-28,1.5917576872849925e-05,0.0003522258843419703,0.00010888200593198124,0.0004507041422459786,0.00036351801218907604,0.0004647353642387109,0.0015443232749125383,0.0009217872434047252,0.001675442784336048
2018-04-29,0.0002621515259140852,0.000554043242835145,0.0002195852819254852,0.0004500709601539946,0.00040715549037341513,0.0004673465009923614,0.0015443232749125383,0.0009217872434047252,0.001675442784336048
2018-04-30,0.00029828809867418207,0.001284700079917075,5.170233919475761e-05,0.000449805437463644,0.00044675840728897783,0.00046958269437589507,0.0015443232749125383,0.0009217872434047252,0.001675442784336048
2018-05-01,0.0003699454842051679,2.9913697492376644e-05,0.0004163950566045917,0.0004581058036247251,0.0005635781285145975,0.00046409116036622315,0.0015443232749125383,0.0009217872434047252,0.001675442784336048
2018-05-02,0.001019775911275478,5.034756941018559e-05,0.0004432992397852251,0.0004705255482910802,0.0004373170887632381,0.0004703720254216746,0.0015443232749125383,0.0009217872434047252,0.001675442784336048
2018-05-03,0.0002711232840062928,9.955030659242164e-05,0.00018512660258053433,0.0004895694428200796,0.00044015577548226783,0.0004712739046878113,0.0015443232749125383,0.0009217872434047252,0.001675442784336048
2018-05-04,0.00010503381525932504,2.3788031139914672e-05,0.0001114445396717683,0.0005198136368963982,0.0004389066415153042,0.0004664154868266905,0.0015443232749125383,0.0009217872434047252,0.001675442784336048
2018-05-05,9.79819089844941e-05,3.248569365616199e-05,0.0011639147089834029,0.0005148366336993798,0.000409990510140715,0.0004654925051287991,0.0015443232749125383,0.0009217872434047252,0.001675442784336048
2018-05-06,0.00014550761910211348,0.0009498870573883724,7.66521312373185e-05,0.0005058546780525657,0.00036202350648347305,0.0004935150638223492,0.0015443232749125383,0.0009217872434047252,0.001675442784336048
2018-05-07,0.00039071887921534877,0.00033711378872108513,0.00012012044726373317,0.0004952520685159281,0.00048717127024582854,0.00047161413713718656,0.0015443232749125383,0.0009217872434047252,0.001675442784336048
2018-05-08,0.0002767882199764521,1.2547963537880766e-05,0.0010688080156607167,0.00046322014157062146,0.00043704468970454785,0.000473870464777839,0.0015443232749125383,0.0009217872434047252,0.001675442784336048
2018-05-09,0.0006982474164386891,0.0005855819615178139,0.002082715191569324,0.0004648842628696862,0.00040301594515030985,0.0004989621608597,0.0015443232749125383,0.0009217872434047252,0.001675442784336048
2018-05-10,0.0008198296225090835,1.8943204972501654e-05,0.00011067677276286326,0.00048424666439148104,0.00048021350986395705,0.0005292535043844389,0.0015443232749125383,0.0009217872434047252,0.001675442784336048
2018-05-11,0.00025973715191244113,8.273738782555773e-06,0.000649997229937281,0.0005134548784683329,0.0004259063013765204,0.0004821902417758876,0.0015443232749125383,0.0009217872434047252,0.001675442784336048
2018-05-12,0.0005164699911140366,0.000964269537502285,4.133412794755535e-05,0.0005255442491918706,0.00038518042397797317,0.00043850184863887293,0.0015443232749125383,0.0009217872434047252,0.001675442784336048
2018-05-13,0.00019123925267522523,0.0007616987992319233,0.00023892528861842071,0.0005264441972410667,0.0005006246808560906,0.00042271883228261163,0.0015443232749125383,0.0009217872434047252,0.001675442784336048
2018-05-14,0.000286902579929657,0.0002852726635030347,6.058935515590434e-05,0.000526590529340104,0.0005089035716802456,0.0004344782303509364,0.0015443232749125383,0.0009217872434047252,0.001675442784336048
2018-05-15,0.0002656124983732982,0.00023140916676512704,0.00027487562957174543,0.0005064120449299634,0.0004478442898164021,0.0004428614276435573,0.0015443232749125383,0.0009217872434047252,0.001675442784336048
2018-05-16,0.00015825133335072963,0.0008210394390851943,4.004553483400503e-05,0.0004814065206826066,0.0004505731461091019,0.00044814834987221865,0.0015443232749125383,0.0009217872434047252,0.001675442784336048
2018-05-17,0.0005051055264827676,6.082168674713721e-05,3.7985963706658206e-05,0.00047842748674664366,0.0005382063287068348,0.00044689255556178294,0.0015443232749125383,0.0009217872434047252,0.001675442784336048
2018-05-18,5.1076978558043255e-05,4.2471588725771964e-05,6.880408132114807e-05,0.00047213886503611705,0.0004248535096006094,0.00044564073554961825,0.0015443232749125383,0.0009217872434047252,0.001675442784336048
