,naive_last_surface,har_rv,har_j_rv,var1_cross_asset,garch11_qml,prob_har_gaussian,prob_har_student_t,prob_lstm_gaussian
2017-05-24,0.007146595650217448,0.0025390390095939752,0.002533675741446912,0.0030549980140983164,0.0026949139486844007,0.002533675741446912,0.002533675741446912,0.007146595650217448
2017-05-25,0.014636326517467171,0.006682907881310349,0.006683578095252114,0.006959405747223518,0.007174703118824811,0.006683578095252114,0.006683578095252114,0.014636326517467171
2017-05-26,0.0072463644449077625,0.005385171252289968,0.005354903677724781,0.005710728099427583,0.0056778402215697495,0.005354903677724781,0.005354903677724781,0.0072463644449077625
2017-05-27,-0.0010022349259574165,0.00034081371838432726,0.0003295136704400974,0.0005851198257144106,0.00035567567179712575,0.0003295136704400974,0.0003295136704400974,-0.0010022349259574165
2017-05-28,-0.011852411757637434,-0.006016681333325314,-0.006035801768586994,-0.0069529221187164085,-0.006876918874099067,-0.006035801768586994,-0.006035801768586994,-0.011852411757637434
2017-05-29,0.00279799696767589,0.0021427706488601444,0.002135495931654846,0.0013799202098542466,0.0020869291953246436,0.002135495931654846,0.002135495931654846,0.00279799696767589
2017-05-30,-0.01033071903151684,-0.006949427786403069,-0.006903102942573486,-0.0070400671063158456,-0.00693655777167881,-0.006903102942573486,-0.006903102942573486,-0.01033071903151684
2017-05-31,0.0042198282677419615,0.004440789235703097,0.004408541993401543,0.003990496519611833,0.004663084044317757,0.004408541993401543,0.004408541993401543,0.0042198282677419615
2017-06-01,-0.008276875592235083,-0.0008711754039545877,-0.0008956765873538557,-0.0007071567944395033,-0.00115891786125806,-0.0008956765873538557,-0.0008956765873538557,-0.008276875592235083
2017-06-02,0.009204749270502475,0.005741743708048916,0.005733108882235719,0.006469616136278112,0.0063873420122679,0.005733108882235719,0.005733108882235719,0.009204749270502475
2017-06-03,0.012113422278107371,0.002954504060786652,0.0029404595916481756,0.003028305642877175,0.003045596048459702,0.0029404595916481756,0.0029404595916481756,0.012113422278107371
2017-06-04,0.005903411372481717,0.0017529322518067727,0.00177593805153925,0.0018052174873808928,0.0022130354939485404,0.00177593805153925,0.00177593805153925,0.005903411372481717
2017-06-05,-0.005211439519180655,-0.0020343800704320358,-0.0020376784787434392,-0.0023474392693806447,-0.0023885378425127115,-0.0020376784787434392,-0.0020376784787434392,-0.005211439519180655
2017-06-06,-0.012543943387072954,-0.006211524371914756,-0.00619152666260019,-0.006719905878477359,-0.006704502380596934,-0.00619152666260019,-0.00619152666260019,-0.012543943387072954
2017-06-07,-0.0034047873904940935,-0.0006320716598869665,-0.0006525931865634292,-0.000556178454677759,-0.0010178966506674807,-0.0006525931865634292,-0.0006525931865634292,-0.0034047873904940935
2017-06-08,0.0003409119876592777,0.0013904424285200946,0.0013774721655029959,0.0012215896795158188,0.0013624470820815906,0.0013774721655029959,0.0013774721655029959,0.0003409119876592777
2017-06-09,-0.005667040835045754,-0.001445265324528828,-0.0014796956913587433,-0.0014727192624684807,-0.0020683338822919954,-0.0014796956913587433,-0.0014796956913587433,-0.005667040835045754
2017-06-10,-0.003959817079582999,-0.001423187801897566,-0.0014220647934786446,-0.0017424340439602,-0.001691261234717594,-0.0014220647934786446,-0.0014220647934786446,-0.003959817079582999
2017-06-11,-0.0007264206148743536,0.002430097457113588,0.002471660991940979,0.002665283602396593,0.0033737345124389196,0.002471660991940979,0.002471660991940979,-0.0007264206148743536
2017-06-12,0.0015221158181652303,-0.0003115181051818819,-0.0003039304315013546,-0.0004235548362112117,-0.0003587154139044059,-0.0003039304315013546,-0.0003039304315013546,0.0015221158181652303
2017-06-13,0.07947430035400516,0.03234512398490927,0.032149580807298815,0.03307716971791988,0.03311451234528213,0.032149580807298815,0.032149580807298815,0.07947430035400516
2017-06-14,-0.029483943305670085,-0.023103392243103996,-0.02303313280469585,-0.009984781188776265,-0.026585077037383508,-0.02303313280469585,-0.02303313280469585,-0.029483943305670085
2017-06-15,-0.004535658541987772,-0.008072983137618558,-0.00770450659616402,-0.005713117603813429,-0.006845120385029268,-0.00770450659616402,-0.00770450659616402,-0.004535658541987772
2017-06-16,-0.008752903033805706,-0.006970200245852462,-0.006859117376980319,-0.008615815461992063,-0.006444280216298494,-0.006859117376980319,-0.006859117376980319,-0.008752903033805706
2017-06-17,0.006324991315738586,0.00758305091657559,0.007469732206461562,0.008253402879836563,0.006227253186874691,0.007469732206461562,0.007469732206461562,0.006324991315738586
2017-06-18,-0.012961647321045093,-0.005887931423001289,-0.0057429395815017424,-0.00847583503494126,-0.005749899585481679,-0.0057429395815017424,-0.0057429395815017424,-0.012961647321045093
2017-06-19,0.011216941386575238,0.002147409532674225,0.0021284811792418273,0.0030311036575118027,0.0028120722265122613,0.0021284811792418273,0.0021284811792418273,0.011216941386575238
2017-06-20,0.004721442222442297,0.005032548268432505,0.0050000665778671405,0.004932917420801624,0.0044621352831841635,0.0050000665778671405,0.0050000665778671405,0.004721442222442297
2017-06-21,-0.010276392450002688,-0.007322304855655201,-0.007291473218919024,-0.007558692097708421,-0.006562464028420141,-0.007291473218919024,-0.007291473218919024,-0.010276392450002688
2017-06-22,0.003207042249516565,0.0030891617121391623,0.003061533466145744,0.0033115612975606543,0.00302918527142926,0.003061533466145744,0.003061533466145744,0.003207042249516565
2017-06-23,-0.008418124297755965,-0.004647376508890278,-0.004636375788769521,-0.005045884026811775,-0.004380317876202595,-0.004636375788769521,-0.004636375788769521,-0.008418124297755965
2017-06-24,0.009025876876295866,0.005842517036043968,0.005829355659414742,0.006342687182829717,0.005643621447888148,0.005829355659414742,0.005829355659414742,0.009025876876295866
2017-06-25,0.023002009458566095,0.011696465724474817,0.011664071676270621,0.011686466454498003,0.011405367197464421,0.011664071676270621,0.011664071676270621,0.023002009458566095
2017-06-26,0.001482634362608059,0.0014321862754958711,0.0014277017539360125,0.0012759026349675484,0.0014995381583536558,0.0014277017539360125,0.0014277017539360125,0.001482634362608059
2017-06-27,0.0499577808361202,0.012800049267681265,0.012813853874805959,0.015589195446150108,0.012766875787672058,0.012813853874805959,0.012813853874805959,0.0499577808361202
2017-06-28,-0.008493533777856986,0.0007554857105214705,0.0006054774449402908,0.002833526247365497,0.0016684607416140897,0.0006054774449402908,0.0006054774449402908,-0.008493533777856986
2017-06-29,-0.01564594655233229,-0.026816808165043293,-0.02641746010216357,-0.0190388719478773,-0.028171946423720968,-0.02641746010216357,-0.02641746010216357,-0.01564594655233229
2017-06-30,-0.0030240687276064907,-0.003981434380123752,-0.003924614216282023,-0.000612361758301168,-0.003187878193447033,-0.003924614216282023,-0.003924614216282023,-0.0030240687276064907
2017-07-01,0.0007862535992859942,0.005357750707873959,0.005257729741448476,0.008247641883810062,0.004991701777786732,0.005257729741448476,0.005257729741448476,0.0007862535992859942
2017-07-02,0.0025078783414623947,-0.0014876657955587996,-0.0010108354001006762,-0.002193325240337329,-0.001248981865510479,-0.0010108354001006762,-0.0010108354001006762,0.0025078783414623947
2017-07-03,0.0035614593923242385,0.0022003375882305933,0.0021823753297506676,0.0032531252696333343,0.0021086725978093964,0.0021823753297506676,0.0021823753297506676,0.0035614593923242385
2017-07-04,-0.0023671084915021907,0.0005797878037838447,0.0012403261043028354,0.0006261793828273207,0.00048799690733789127,0.0012403261043028354,0.0012403261043028354,-0.0023671084915021907
2017-07-05,0.0072826766817001955,0.010683690212746668,0.010612448204924465,0.013075338105235675,0.01069072527294803,0.010612448204924465,0.010612448204924465,0.0072826766817001955
2017-07-06,0.01175118320598939,0.014450960221343269,0.014029263318910338,0.018122630918313138,0.011699927830938178,0.014029263318910338,0.014029263318910338,0.01175118320598939
2017-07-07,-0.006801828763421301,-0.003794827218510295,-0.003891524735164683,-0.0032518465501977212,-0.0032498633029227407,-0.003891524735164683,-0.003891524735164683,-0.006801828763421301
2017-07-08,0.011277312795857428,0.006426762192042198,0.006423192584909014,0.00598317798148168,0.005403975973417077,0.006423192584909014,0.006423192584909014,0.011277312795857428
2017-07-09,0.013217539630326828,0.0082714960419905,0.008213858982527272,0.008705833455246887,0.0066224653359728955,0.008213858982527272,0.008213858982527272,0.013217539630326828
2017-07-10,-0.008941594243757912,-0.0046618442477319435,-0.004643749760018021,-0.0049309007271936866,-0.004055714225398591,-0.004643749760018021,-0.004643749760018021,-0.008941594243757912
2017-07-11,-0.015027628369745341,-0.004542131411879498,-0.0045241441377147215,-0.005547448909806057,-0.0038317245599637823,-0.0045241441377147215,-0.0045241441377147215,-0.015027628369745341
2017-07-12,-0.0023372360580908775,-0.001201051716911385,-0.0011960885101812212,-0.0019047833172688173,-0.0007683163779213057,-0.0011960885101812212,-0.0011960885101812212,-0.0023372360580908775
2017-07-13,0.0007989319575325629,0.0008705301300741172,0.0008725111155997144,0.0019168104361897602,0.0004823684949738594,0.0008725111155997144,0.0008725111155997144,0.0007989319575325629
2017-07-14,0.010966394711318883,0.003925597047872382,0.003930963079676234,0.0034694730672120513,0.0033301352693971657,0.003930963079676234,0.003930963079676234,0.010966394711318883
2017-07-15,-0.0018755622121522132,-0.001160744257784037,-0.0011624373303932463,-0.0013067932338623799,-0.0009012511494942985,-0.0011624373303932463,-0.0011624373303932463,-0.0018755622121522132
2017-07-16,-0.018940203185803115,-0.006104311990312111,-0.0061080037484697106,-0.006978233651641225,-0.005459531418932766,-0.0061080037484697106,-0.0061080037484697106,-0.018940203185803115
2017-07-17,-0.010440499701396775,-0.0062718018181541066,-0.006255542990348223,-0.006857607844556995,-0.006023291058524976,-0.006255542990348223,-0.006255542990348223,-0.010440499701396775
2017-07-18,-0.009509160614548075,-0.006537206535562479,-0.006518375369482812,-0.0068614205272158335,-0.006298578112184111,-0.006518375369482812,-0.006518375369482812,-0.009509160614548075
2017-07-19,-0.0006703221954500299,-0.004082336587480997,-0.004046018386383725,-0.0032894236492947734,-0.0037878874174667853,-0.004046018386383725,-0.004046018386383725,-0.0006703221954500299
2017-07-20,-0.003097425534681277,-0.0034211133984347725,-0.003401410308248825,-0.004539362720906721,-0.003803296091652865,-0.003401410308248825,-0.003401410308248825,-0.003097425534681277
2017-07-21,0.003962492054872761,0.0015085804872692471,0.0015193337395720916,0.00173559573673664,0.0014032107539309537,0.0015193337395720916,0.0015193337395720916,0.003962492054872761
2017-07-22,-0.012589161630449194,-0.003317961335406775,-0.003314454246498839,-0.0037659513433573656,-0.003501284507875765,-0.003314454246498839,-0.003314454246498839,-0.012589161630449194
2017-07-23,-0.01111425663997719,-0.0031431108045651343,-0.0031329870617805874,-0.0032637336011260114,-0.0041432244491877235,-0.0031329870617805874,-0.0031329870617805874,-0.01111425663997719
2017-07-24,-0.002354426312491479,0.0011382208428479662,0.0011131288132710318,0.0010980540429339168,0.0017794885541819652,0.0011131288132710318,0.0011131288132710318,-0.002354426312491479
2017-07-25,-0.008555272720011031,-0.004115555902507606,-0.004092272230073599,-0.004232442790604036,-0.004953962018130183,-0.004092272230073599,-0.004092272230073599,-0.008555272720011031
2017-07-26,0.000438623678098437,0.00036735356172280825,0.0003501269362403216,0.00015165109327537908,0.0005600573911895517,0.0003501269362403216,0.0003501269362403216,0.000438623678098437
2017-07-27,-0.01121668495160026,-0.004345317060568577,-0.004340738824859486,-0.005043124030810779,-0.005265117564075915,-0.004340738824859486,-0.004340738824859486,-0.01121668495160026
2017-07-28,0.011803720591596881,0.004818273174286497,0.004807038877163377,0.005330742084900145,0.006237504308517488,0.004807038877163377,0.004807038877163377,0.011803720591596881
2017-07-29,-0.005339483076780546,-0.0022712102767042212,-0.0022909053976562207,-0.002285522341721198,-0.00243384401885008,-0.0022909053976562207,-0.0022909053976562207,-0.005339483076780546
2017-07-30,-0.011176313172693008,-0.002902713706136015,-0.0028995297338202763,-0.003140292622310211,-0.003588066799494713,-0.0028995297338202763,-0.0028995297338202763,-0.011176313172693008
2017-07-31,-0.015709356540827082,-0.004055588511683976,-0.004114988726046709,-0.004400653998785598,-0.0045684906675599836,-0.004114988726046709,-0.004114988726046709,-0.015709356540827082
2017-08-01,0.01207122620616728,0.008701312317963414,0.008630260973297185,0.009240874886582191,0.010228220310734783,0.008630260973297185,0.008630260973297185,0.01207122620616728
2017-08-02,0.007739093454166536,0.00419481887994345,0.004170821142427824,0.004075662700951098,0.005821506180645842,0.004170821142427824,0.004170821142427824,0.007739093454166536
2017-08-03,-0.007369336692981205,-0.0031944410837275923,-0.0031807790037813297,-0.0034006909337416223,-0.0036921100342265562,-0.0031807790037813297,-0.0031807790037813297,-0.007369336692981205
2017-08-04,-0.0019485150388919095,-0.0015373313046415087,-0.0015410252801789073,-0.0019049281629530004,-0.0010062659551164125,-0.0015410252801789073,-0.0015410252801789073,-0.0019485150388919095
2017-08-05,0.00022105646389400496,0.00034811268286644766,0.00032584255860692554,0.00044956597326952413,0.0008754375599377596,0.00032584255860692554,0.00032584255860692554,0.00022105646389400496
2017-08-06,0.002734141815771702,0.0006502827939059604,0.0006504235456143294,0.0006839661255412611,0.0008854615453214616,0.0006504235456143294,0.0006504235456143294,0.002734141815771702
2017-08-07,0.0031976040425731726,0.0015461230782855345,0.0014983007427276489,0.0017221312774520926,0.0027405422120559005,0.0014983007427276489,0.0014983007427276489,0.0031976040425731726
2017-08-08,0.007810211099429722,0.005492821692466358,0.005527682081463935,0.005738111634727164,0.006396284376775977,0.005527682081463935,0.005527682081463935,0.007810211099429722
2017-08-09,0.023839310915317654,0.010973541166643152,0.010898943207053072,0.011795896059355979,0.014524421367580165,0.010898943207053072,0.010898943207053072,0.023839310915317654
2017-08-10,-0.00046535727523584644,0.000774702314119192,0.0007389574636041613,0.0009926587117082063,0.0012682648289976733,0.0007389574636041613,0.0007389574636041613,-0.00046535727523584644
2017-08-11,0.006667218071638614,-6.693170796134215e-06,-2.9768056026347953e-05,7.803915359142222e-05,0.00020508549467749813,-2.9768056026347953e-05,-2.9768056026347953e-05,0.006667218071638614
2017-08-12,-0.004513488135005922,-0.004984528361871821,-0.004991223180115694,-0.004712650061944116,-0.005113937233551093,-0.004991223180115694,-0.004991223180115694,-0.004513488135005922
2017-08-13,0.00020218985603598014,0.0007693386169647081,0.0007047481461692754,0.001162428743148642,0.0005186803517637338,0.0007047481461692754,0.0007047481461692754,0.00020218985603598014
2017-08-14,-0.007514938447492123,-0.002749636160692112,-0.002742155572601482,-0.003055562654382164,-0.003534731666067567,-0.002742155572601482,-0.002742155572601482,-0.007514938447492123
2017-08-15,0.024525846347755873,0.0053606809171336915,0.005390349416430402,0.005779976211771002,0.005705882099178873,0.005390349416430402,0.005390349416430402,0.024525846347755873
2017-08-16,-0.01977122302855421,-0.008081886604615672,-0.008033948729934196,-0.008805420821659346,-0.010091161294147348,-0.008033948729934196,-0.008033948729934196,-0.01977122302855421
2017-08-17,-0.002126857990151013,0.0001799494985723476,0.00016210240204378792,0.000322314101687739,0.0004138116916828554,0.00016210240204378792,0.00016210240204378792,-0.002126857990151013
2017-08-18,0.008035416565525854,0.005799464996678955,0.0057796130935447556,0.00653711183207277,0.006721111733203573,0.0057796130935447556,0.0057796130935447556,0.008035416565525854
2017-08-19,0.005662763426367074,0.0027827323776638373,0.0027961837242243665,0.0026829371413456503,0.003009251599457665,0.0027961837242243665,0.0027961837242243665,0.005662763426367074
2017-08-20,-0.0031023468206461545,0.00018115619404716898,0.00019343663452334037,5.048242074595354e-05,0.00014636997169909134,0.00019343663452334037,0.00019343663452334037,-0.0031023468206461545
2017-08-21,-0.010113946207750557,-0.0006683367061180863,-0.000652482768539905,-0.0001540582975555631,-0.0016372758527470898,-0.000652482768539905,-0.000652482768539905,-0.010113946207750557
2017-08-22,-0.0026186046924210706,-0.00292048012091189,-0.0028868952172373583,-0.002833743176508873,-0.003618703240434928,-0.0028868952172373583,-0.0028868952172373583,-0.0026186046924210706
2017-08-23,0.014458757965337772,0.006226345994134301,0.006228653851785872,0.0066304970276389085,0.007494089486445429,0.006228653851785872,0.006228653851785872,0.014458757965337772
2017-08-24,0.006464543429842568,0.004959084873426043,0.005014754259335262,0.0051190716973442485,0.005777811599268397,0.005014754259335262,0.005014754259335262,0.006464543429842568
2017-08-25,-0.004465331681947452,-0.0010322183115102589,-0.001058371985753838,-0.0008123430776380168,-0.0014915514596509838,-0.001058371985753838,-0.001058371985753838,-0.004465331681947452
2017-08-26,-0.025897143642339027,-0.010799909541484866,-0.010751788979711243,-0.01126286019973063,-0.013427854058146301,-0.010751788979711243,-0.010751788979711243,-0.025897143642339027
2017-08-27,-0.006369292959967865,-0.0029992135457975254,-0.002982069472076446,-0.002695883512241619,-0.003276081088726133,-0.002982069472076446,-0.002982069472076446,-0.006369292959967865
2017-08-28,0.050051521002307565,0.02007058286605112,0.02000803637196955,0.02345551129776663,0.02118023509902409,0.02000803637196955,0.02000803637196955,0.050051521002307565
2017-08-29,-0.0004732001068035961,0.002171002413067183,0.0036491699716597087,0.0022942869832041552,0.002223856994529355,0.0036491699716597087,0.0036491699716597087,-0.0004732001068035961
2017-08-30,-0.010605083999583265,-0.004566117057320016,-0.004601832665766357,-0.006310095592109928,-0.0041667090831937715,-0.004601832665766357,-0.004601832665766357,-0.010605083999583265
2017-08-31,-0.007109936801002152,-0.004489508682306278,-0.004579750011436893,-0.0034736358466650945,-0.00471600915859699,-0.004579750011436893,-0.004579750011436893,-0.007109936801002152
2017-09-01,-0.011640568395225466,-0.005759629732637818,-0.005428030219828103,-0.007112889308513733,-0.004936452662485273,-0.005428030219828103,-0.005428030219828103,-0.011640568395225466
2017-09-02,0.003724776821916558,0.006600758020099031,0.006418447913394174,0.005745041112885606,0.006834059453955695,0.006418447913394174,0.006418447913394174,0.003724776821916558
2017-09-03,-0.005195443318423089,-0.00458572001136971,-0.00454881777183408,-0.004252757341217094,-0.0037274762401478118,-0.00454881777183408,-0.00454881777183408,-0.005195443318423089
2017-09-04,-0.027141865016827152,-0.008075296589153763,-0.008036109571238627,-0.00847579173817779,-0.006432082421905006,-0.008036109571238627,-0.008036109571238627,-0.027141865016827152
2017-09-05,0.0005979605396584237,-0.005338478121012957,-0.005185143769819994,-0.005323283115373938,-0.00449818488355017,-0.005185143769819994,-0.005185143769819994,0.0005979605396584237
2017-09-06,-0.00423112381461604,-0.005208175765818428,-0.005077387514933765,-0.004945020887355953,-0.004956803555924784,-0.005077387514933765,-0.005077387514933765,-0.00423112381461604
2017-09-07,0.013145082085408656,0.015955468164375052,0.01578164900562144,0.017266712497836647,0.014685071081840731,0.01578164900562144,0.01578164900562144,0.013145082085408656
2017-09-08,-0.0015079027343657691,-0.0047476235182663945,-0.004520650145717064,-0.00485157172909576,-0.004787632097704455,-0.004520650145717064,-0.004520650145717064,-0.0015079027343657691
2017-09-09,-0.04207481711742198,-0.02159884909808005,-0.021350531940918266,-0.018977076341353476,-0.01898786641548854,-0.021350531940918266,-0.021350531940918266,-0.04207481711742198
2017-09-10,-0.008350933421349892,-0.004986335002848782,-0.004918270247097965,-0.0012571368822659364,-0.00423636041463878,-0.004918270247097965,-0.004918270247097965,-0.008350933421349892
2017-09-11,-0.0008553541830640497,-0.00021735287545010905,5.377841319776534e-05,-4.599636683548282e-06,-4.89378029946964e-05,5.377841319776534e-05,5.377841319776534e-05,-0.0008553541830640497
2017-09-12,0.021987407317086222,0.003782062256026665,0.0037866690717745714,0.0046445431702887285,0.002788742741415096,0.0037866690717745714,0.0037866690717745714,0.021987407317086222
2017-09-13,0.002216919438319037,0.00043241481034625163,0.0004361592651960769,0.00029704422238883396,0.0004331938763713308,0.0004361592651960769,0.0004361592651960769,0.002216919438319037
2017-09-14,-0.0010562225359113722,-0.0010183180337790772,-0.0010500571312003605,-0.0008962056064817694,-0.000864432389199059,-0.0010500571312003605,-0.0010500571312003605,-0.0010562225359113722
2017-09-15,-0.002101618200316825,-0.0010554128351868575,-0.0009961684607429882,-0.0019247895245926693,-0.0008051629128186565,-0.0009961684607429882,-0.0009961684607429882,-0.002101618200316825
2017-09-16,0.00019724296440482939,-0.003159718695029888,-0.0031729980068304626,-0.0030597711262180956,-0.003486912990671942,-0.0031729980068304626,-0.0031729980068304626,0.00019724296440482939
2017-09-17,0.006696830534741902,0.0050876532551546215,0.005052535407207888,0.004279905612476522,0.004326261142669062,0.005052535407207888,0.005052535407207888,0.006696830534741902
2017-09-18,-0.016930515941175246,-0.00904034220739402,-0.009008363423371581,-0.008823410713174168,-0.006986895841125239,-0.009008363423371581,-0.009008363423371581,-0.016930515941175246
2017-09-19,0.006756554257714875,0.0065014912438485966,0.006309046494660245,0.00756593377748508,0.005487807250020726,0.006309046494660245,0.006309046494660245,0.006756554257714875
2017-09-20,-0.01071129657582595,-0.01200805966337891,-0.013265367819557347,-0.00960828071287165,-0.011735650229627673,-0.013265367819557347,-0.013265367819557347,-0.01071129657582595
2017-09-21,0.012982582627000817,0.00925391086209276,0.009161631633243274,0.008528478068408701,0.007434436372961036,0.009161631633243274,0.009161631633243274,0.012982582627000817
2017-09-22,0.00887822680260661,0.007371540337375148,0.007354113820073089,0.004425007034453251,0.006606745497897693,0.007354113820073089,0.007354113820073089,0.00887822680260661
2017-09-23,-0.0277332369816182,0.0023138348553868883,0.002266973940894417,0.0031799677805523646,0.0035323204158425312,0.002266973940894417,0.002266973940894417,-0.0277332369816182
2017-09-24,0.004286060192911274,0.003369200319943366,0.0033554619363422035,0.002618576775715467,0.0034782870472134177,0.0033554619363422035,0.0033554619363422035,0.004286060192911274
2017-09-25,0.007820117134630081,-5.046178821151217e-05,-1.2884626973932884e-05,-0.00032454047002678475,-0.0010172686121302389,-1.2884626973932884e-05,-1.2884626973932884e-05,0.007820117134630081
2017-09-26,0.0005533137585658228,0.000837718573040153,0.0008187464456837862,0.0011487814612289962,0.0009987449690697168,0.0008187464456837862,0.0008187464456837862,0.0005533137585658228
2017-09-27,0.004102589685807617,0.0017763760608633117,0.001776080015473873,0.001915407328280446,0.0014121446768710565,0.001776080015473873,0.001776080015473873,0.004102589685807617
2017-09-28,-0.012959205269576139,-0.0023351332964601417,-0.002333513525666063,-0.0025615919270651137,-0.0018847610975190221,-0.002333513525666063,-0.002333513525666063,-0.012959205269576139
2017-09-29,0.004527157888492232,0.00012409083830882688,0.0001318442544438594,0.0003916964823829523,0.0006812724683579529,0.0001318442544438594,0.0001318442544438594,0.004527157888492232
2017-09-30,-0.008004540499047528,-0.004094246491825111,-0.004096652473154078,-0.004465946856320226,-0.004137607997996442,-0.004096652473154078,-0.004096652473154078,-0.008004540499047528
2017-10-01,-0.008315966504362256,-0.004610021546657063,-0.004602851426352536,-0.0050824939690877246,-0.0046042484431798565,-0.004602851426352536,-0.004602851426352536,-0.008315966504362256
2017-10-02,0.01021651637085398,0.005306592383152312,0.0052980355444848595,0.005758837560575085,0.005514702055654771,0.0052980355444848595,0.0052980355444848595,0.01021651637085398
2017-10-03,-0.0045688456827823335,-0.0014151253820132187,-0.0014032752736784304,-0.0012263648250155773,-0.0010869093781267645,-0.0014032752736784304,-0.0014032752736784304,-0.0045688456827823335
2017-10-04,0.002884699914194129,0.00023890947627110246,0.00024373636089242712,0.00011238611218959101,0.00017172890022033426,0.00024373636089242712,0.00024373636089242712,0.002884699914194129
2017-10-05,-0.020036312923996037,-0.005877792217510007,-0.00591693388375029,-0.006354476009977128,-0.006084994137728339,-0.00591693388375029,-0.00591693388375029,-0.020036312923996037
2017-10-06,0.005978500320203754,0.004526028577266633,0.004518959065086733,0.004783858674051585,0.004709916726034358,0.004518959065086733,0.004518959065086733,0.005978500320203754
2017-10-07,0.0016061842050970143,0.0003467100697425232,0.0003655444568453044,0.00035784831730603883,0.000554822679893944,0.0003655444568453044,0.0003655444568453044,0.0016061842050970143
2017-10-08,-0.0040823400991988066,-0.0005382152208849362,-0.0005310294802313909,-0.0005129331655394223,-0.0005198511005260646,-0.0005310294802313909,-0.0005310294802313909,-0.0040823400991988066
2017-10-09,0.006390684093015897,0.0027977283265570446,0.002750580974521806,0.0026924192430543303,0.0029817937985724373,0.002750580974521806,0.002750580974521806,0.006390684093015897
2017-10-10,-0.002759393769463606,0.0006925132460525732,0.0007143600198761566,0.0007805059126789258,0.0008319250666187997,0.0007143600198761566,0.0007143600198761566,-0.002759393769463606
2017-10-11,0.009851820978937926,0.003932386745846553,0.003912705489271978,0.004108471778385715,0.004293915210390185,0.003912705489271978,0.003912705489271978,0.009851820978937926
2017-10-12,0.003238029012279504,0.0034719029102469588,0.0035090817989311394,0.003430474817438797,0.003983833649170537,0.0035090817989311394,0.0035090817989311394,0.003238029012279504
2017-10-13,0.0003672636313810528,0.000520537337449525,0.0005228869727704546,0.0005490940846353247,0.0005802275282730144,0.0005228869727704546,0.0005228869727704546,0.0003672636313810528
2017-10-14,-0.022455969899123268,-0.007980165871819593,-0.00796959914953246,-0.008420673737888346,-0.00913642231993727,-0.00796959914953246,-0.00796959914953246,-0.022455969899123268
2017-10-15,-0.0003164618429118118,0.00012068933311091999,0.0001262666191352775,0.00018200429686588307,0.00016083529944167338,0.0001262666191352775,0.0001262666191352775,-0.0003164618429118118
2017-10-16,-0.0009433893730793307,-0.0005776271227399991,-0.0006446568784442287,-0.000686526957224768,-0.0007707978229739143,-0.0006446568784442287,-0.0006446568784442287,-0.0009433893730793307
2017-10-17,0.001861555124207715,0.0019923951124033285,0.0020209230122777383,0.0021779262949336103,0.0023122988172237526,0.0020209230122777383,0.0020209230122777383,0.001861555124207715
2017-10-18,0.014233157728392619,0.004630412308649081,0.004616241728597714,0.0045937727465958774,0.0053621262034747276,0.004616241728597714,0.004616241728597714,0.014233157728392619
2017-10-19,0.00168725697204695,0.0005334378444998289,0.0005482789808076089,0.0004380059955037376,0.0005541728864171654,0.0005482789808076089,0.0005482789808076089,0.00168725697204695
2017-10-20,-0.006866988280445974,-0.0032929903199266533,-0.0033103674537750243,-0.003453988795334728,-0.0037686235657026835,-0.0033103674537750243,-0.0033103674537750243,-0.006866988280445974
2017-10-21,0.004647143164681085,0.0013952762874704517,0.001374128482139297,0.0013774188151112908,0.001712186673804841,0.001374128482139297,0.001374128482139297,0.004647143164681085
2017-10-22,0.009419413174851602,0.005339173880975396,0.0053919299178592645,0.0056629855401582815,0.006222451329984872,0.0053919299178592645,0.0053919299178592645,0.009419413174851602
2017-10-23,-0.007625299542859793,-0.005033546994874633,-0.005012068525536329,-0.005123820187992312,-0.005870647009640865,-0.005012068525536329,-0.005012068525536329,-0.007625299542859793
2017-10-24,-0.010669869709534962,-0.00330496184909895,-0.0033151751406859595,-0.0035141534075511026,-0.0038263758987379117,-0.0033151751406859595,-0.0033151751406859595,-0.010669869709534962
2017-10-25,-0.00697215822179838,-0.0029878158664718556,-0.00305490264665623,-0.0028667925558357094,-0.003195634796034767,-0.00305490264665623,-0.00305490264665623,-0.00697215822179838
2017-10-26,-0.0018948402430341354,-0.0013274092645109642,-0.001286659983827148,-0.0009481627012899932,-0.0018947774012175284,-0.001286659983827148,-0.001286659983827148,-0.0018948402430341354
2017-10-27,-0.007243654140838933,-0.0051776962313980265,-0.00516833894098999,-0.004622485921791484,-0.006217523050779167,-0.00516833894098999,-0.00516833894098999,-0.007243654140838933
2017-10-28,-0.0055348300535330896,-0.0005183191588750026,-0.0004973729979169136,-0.0002549353862543924,-0.0005680478777501999,-0.0004973729979169136,-0.0004973729979169136,-0.0055348300535330896
2017-10-29,0.008058327644365412,0.0021310972878457756,0.0021458212542658926,0.001997886299553137,0.002486450480729827,0.0021458212542658926,0.0021458212542658926,0.008058327644365412
2017-10-30,-0.028567878782675696,-0.01740013714712974,-0.017475007769434468,-0.018396546114194195,-0.02004612842469825,-0.017475007769434468,-0.017475007769434468,-0.028567878782675696
2017-10-31,0.06740610355912545,0.02265306855904962,0.02274428347226737,0.018193957235976322,0.02745048615633081,0.02274428347226737,0.02274428347226737,0.06740610355912545
2017-11-01,-0.02310050697289488,-0.008854348205536185,-0.00871196553839626,-0.003372892377363984,-0.008792191932091313,-0.00871196553839626,-0.00871196553839626,-0.02310050697289488
2017-11-02,0.010561525457315696,0.006304090400728264,0.006389618866030777,0.007892399717559409,0.00542368516800516,0.006389618866030777,0.006389618866030777,0.010561525457315696
2017-11-03,-0.004908027307906986,-0.0015074926437222355,-0.001470021310477088,0.0021085821456137493,-0.0033458191532672967,-0.001470021310477088,-0.001470021310477088,-0.004908027307906986
2017-11-04,0.009045414971598867,0.011229506929783487,0.012204289876991188,0.009550529998691172,0.010642595998225294,0.012204289876991188,0.012204289876991188,0.009045414971598867
2017-11-05,0.013189724311623255,0.00704617193855523,0.006992357441432742,0.005446016740832317,0.006054111006338123,0.006992357441432742,0.006992357441432742,0.013189724311623255
2017-11-06,0.009715309669086807,0.006024275241011912,0.006005435005755125,0.006817826119228522,0.005672694985837148,0.006005435005755125,0.006005435005755125,0.009715309669086807
2017-11-07,0.053157148908053314,0.01576522258266752,0.015805493278303644,0.01694919511845546,0.011678685567862376,0.015805493278303644,0.015805493278303644,0.053157148908053314
2017-11-08,-0.016860546243721464,-0.01878485118409252,-0.018474420822866048,-0.01455971342147675,-0.016896912878197702,-0.018474420822866048,-0.018474420822866048,-0.016860546243721464
2017-11-09,-0.004019244486001847,-0.006493448804935203,-0.0062866771851163876,-0.004782705469307136,-0.00580202887941138,-0.0062866771851163876,-0.0062866771851163876,-0.004019244486001847
2017-11-10,-0.00036118317330731165,0.0019518000670978673,0.0018284201158803978,0.002178210106014228,0.001835123436239312,0.0018284201158803978,0.0018284201158803978,-0.00036118317330731165
2017-11-11,0.0439588765304014,0.016286955114776385,0.01618822058781741,0.02013938350738396,0.0128561896357472,0.01618822058781741,0.01618822058781741,0.0439588765304014
2017-11-12,0.002701556179147635,0.004641159820375384,0.00450766596983856,0.004296346937411879,0.0037128776764558686,0.00450766596983856,0.00450766596983856,0.002701556179147635
2017-11-13,0.008758321285423573,0.006428430810901571,0.00641516290856739,0.007056949726229594,0.004462798873087306,0.00641516290856739,0.00641516290856739,0.008758321285423573
2017-11-14,-0.012330219063259566,-0.006085984997997667,-0.006053120069777339,-0.005660511565672024,-0.004839558779312031,-0.006053120069777339,-0.006053120069777339,-0.012330219063259566
2017-11-15,0.010567428352918065,0.007854681547529961,0.007826077640851912,0.008561894907383428,0.006709495062497695,0.007826077640851912,0.007826077640851912,0.010567428352918065
2017-11-16,-0.004028780085033943,-0.0006710399090682164,-0.0006572560650001408,-0.0005689175471316624,-0.0005910038680290337,-0.0006572560650001408,-0.0006572560650001408,-0.004028780085033943
2017-11-17,0.009192491371360327,0.004187550379125112,0.00420026903783968,0.00496162909737173,0.003703294526638845,0.00420026903783968,0.00420026903783968,0.009192491371360327
2017-11-18,-0.0006186837074404714,-0.0012591151801139443,0.0028086987591392654,-0.0019566814373752107,-0.0016164817715780902,0.0028086987591392654,0.0028086987591392654,-0.0006186837074404714
2017-11-19,-0.03866700948381639,-0.01279254758486934,-0.01326343898483861,-0.01337776656018218,-0.010625498833386982,-0.01326343898483861,-0.01326343898483861,-0.03866700948381639
2017-11-20,-0.041311290609439145,-0.023319720007086066,-0.023203505143813696,-0.01836057923416849,-0.02246888134373626,-0.023203505143813696,-0.023203505143813696,-0.041311290609439145
2017-11-21,-0.0017695712093050056,-0.002646635114171264,-0.0027287449615807043,-0.0027029422587718406,-0.0030534235658294683,-0.0027287449615807043,-0.0027287449615807043,-0.0017695712093050056
2017-11-22,0.03386929140964718,0.017766147271489494,0.017661703832195143,0.017568692892725085,0.015874459732864225,0.017661703832195143,0.017661703832195143,0.03386929140964718
2017-11-23,-0.00793636534287626,-0.011137137081455204,-0.010929340406423913,-0.009934672799778483,-0.010550453118134918,-0.010929340406423913,-0.010929340406423913,-0.00793636534287626
2017-11-24,0.008180374566707116,0.00831379565924932,0.008187675801108298,0.008144804672924737,0.0077321004635633106,0.008187675801108298,0.008187675801108298,0.008180374566707116
2017-11-25,0.012194643853685294,0.008339620357426115,0.008226028106625122,0.009392109754549906,0.008003925690023212,0.008226028106625122,0.008226028106625122,0.012194643853685294
2017-11-26,0.0006635802426085367,0.0002602168497733423,0.0002449822778425991,0.000412743379324931,4.0315032313639004e-05,0.0002449822778425991,0.0002449822778425991,0.0006635802426085367
2017-11-27,-0.001382056253292431,-0.0007182111575671103,-0.0007098128819439156,-0.0008794760876742625,-0.0009871459736410133,-0.0007098128819439156,-0.0007098128819439156,-0.001382056253292431
2017-11-28,0.03380167440564116,0.012239777304737317,0.01222022394758967,0.01410445170706254,0.01167213122387932,0.01222022394758967,0.01222022394758967,0.03380167440564116
2017-11-29,-0.0037097488978244074,-0.003165566489737285,-0.0031403291767430875,-0.0029937706189642013,-0.0029276638306552027,-0.0031403291767430875,-0.0031403291767430875,-0.0037097488978244074
2017-11-30,0.01932021454764746,0.005740315176836188,0.005737911498053451,0.00720546364021965,0.005517418531112397,0.005737911498053451,0.005737911498053451,0.01932021454764746
2017-12-01,0.015427134033615874,0.0033392779018073995,0.0034173589120752453,0.0019209005230902555,0.0031457758717797026,0.0034173589120752453,0.0034173589120752453,0.015427134033615874
2017-12-02,-0.0009431044257162046,0.002850375377576183,0.00289601330364974,0.003116598512230003,0.0026936566641950015,0.00289601330364974,0.00289601330364974,-0.0009431044257162046
2017-12-03,-0.006681001315720696,-0.009467808007531659,-0.009336398250101295,-0.00876222735111117,-0.009224992949327377,-0.009336398250101295,-0.009336398250101295,-0.006681001315720696
2017-12-04,-0.02396772924905372,-0.006037000518427125,-0.006002809447705755,-0.004968774535845272,-0.005878483464392843,-0.006002809447705755,-0.006002809447705755,-0.02396772924905372
2017-12-05,0.005729046132975581,0.001651513504906124,0.0016428629405177816,0.0015226409693320318,0.0016087237235682132,0.0016428629405177816,0.0016428629405177816,0.005729046132975581
2017-12-06,-0.021732504726516375,-0.005234486476631865,-0.005254406094331238,-0.0055974043839107715,-0.005152889556348271,-0.005254406094331238,-0.005254406094331238,-0.021732504726516375
2017-12-07,0.01917342162687297,-0.008448750117767412,-0.008427248838450462,-0.009596578103687754,-0.0077059755756374694,-0.008427248838450462,-0.008427248838450462,0.01917342162687297
2017-12-08,-0.0021423158389259206,-0.002995318311936976,-0.003106831199261142,-0.0026976639844187027,-0.003221171643457371,-0.003106831199261142,-0.003106831199261142,-0.0021423158389259206
2017-12-09,0.017563755392979184,0.005461699951214175,0.005465543002046637,0.005656652856324784,0.005244723916060993,0.005465543002046637,0.005465543002046637,0.017563755392979184
2017-12-10,-0.021656572735854113,-0.009090133120325153,-0.00908469539611613,-0.010256070609739626,-0.008937815743074347,-0.00908469539611613,-0.00908469539611613,-0.021656572735854113
2017-12-11,0.0006454591374685266,0.00025234589233384387,0.0002893846921910824,-9.298606318826168e-05,0.00017204177130449952,0.0002893846921910824,0.0002893846921910824,0.0006454591374685266
2017-12-12,0.006928429932216859,0.0048786040613442334,0.0048271426248812825,0.0067234603816042375,0.005052926260451823,0.0048271426248812825,0.0048271426248812825,0.006928429932216859
2017-12-13,-0.021720834206524726,-0.031109253015131583,-0.03013059020268444,-0.03363641024040411,-0.029804387247842807,-0.03013059020268444,-0.03013059020268444,-0.021720834206524726
2017-12-14,-0.001864718252993668,-0.0029763947670271526,-0.0025385502437912217,-0.0010340900282833473,-0.003187309453325654,-0.0025385502437912217,-0.0025385502437912217,-0.001864718252993668
2017-12-15,0.0066988281257401435,0.005383108186102243,0.005367979037610455,0.006218474962164225,0.004984463911329243,0.005367979037610455,0.005367979037610455,0.0066988281257401435
2017-12-16,0.008611189469589081,0.0028548123481831147,0.0026423517928496794,0.0040426775506860685,0.0009412785031890619,0.0026423517928496794,0.0026423517928496794,0.008611189469589081
2017-12-17,0.010664027999709587,0.007702469840976619,0.0076065516867342775,0.00854280639144225,0.00813061275089341,0.0076065516867342775,0.0076065516867342775,0.010664027999709587
2017-12-18,0.025832238655273926,0.013003530168778943,0.012654533879184119,0.015355000003074395,0.012065292286378692,0.012654533879184119,0.012654533879184119,0.025832238655273926
2017-12-19,-0.013047344214742887,-0.01661634502513907,-0.01638246816880703,-0.014860249066505531,-0.014855951695027183,-0.01638246816880703,-0.01638246816880703,-0.013047344214742887
2017-12-20,-0.005301589968406077,-0.0037345687707421656,-0.0035472891137642328,-0.0040221846573879755,-0.002781460580124255,-0.0035472891137642328,-0.0035472891137642328,-0.005301589968406077
2017-12-21,0.013368657918838742,0.01087238129909794,0.010837136351493267,0.012423219346435407,0.009825514121497746,0.010837136351493267,0.010837136351493267,0.013368657918838742
2017-12-22,-0.021052500889672032,-0.020772208152832674,-0.020705271964356738,-0.023110863234444574,-0.020824889632964347,-0.020705271964356738,-0.020705271964356738,-0.021052500889672032
2017-12-23,0.001402557449907283,0.003962495705734095,0.003818141468059404,0.0032814156273639154,0.0037720559327393452,0.003818141468059404,0.003818141468059404,0.001402557449907283
2017-12-24,0.008552104969504778,0.002664962710700656,0.002641164264507704,0.0033178232773551837,0.0025660597687669788,0.002641164264507704,0.002641164264507704,0.008552104969504778
2017-12-25,0.0033490751523834253,-0.0018511808713900506,-0.0018641600764310864,-0.001433059967037082,-0.0016845524281690304,-0.0018641600764310864,-0.0018641600764310864,0.0033490751523834253
2017-12-26,-0.018655031898221843,-0.00643099566656083,-0.006410829440479847,-0.007776621371491999,-0.006642701356525122,-0.006410829440479847,-0.006410829440479847,-0.018655031898221843
2017-12-27,-0.00226973427157635,-0.0019273863151769023,-0.0018992628202119718,-0.0026422494177759845,-0.002122683407548617,-0.0018992628202119718,-0.0018992628202119718,-0.00226973427157635
2017-12-28,-0.025115750438912333,-0.005619295362278524,-0.005616658811103424,-0.008073324396197235,-0.005513523459052514,-0.005616658811103424,-0.005616658811103424,-0.025115750438912333
2017-12-29,-0.005837799089552062,-0.0034103508986452875,-0.0033769148582093304,-0.004745045708647563,-0.003465214696237106,-0.0033769148582093304,-0.0033769148582093304,-0.005837799089552062
2017-12-30,0.0026137854528514234,0.001557816009819216,0.0015437865918101876,0.0018517389158484085,0.0015237767396046615,0.0015437865918101876,0.0015437865918101876,0.0026137854528514234
2017-12-31,0.023119737168283083,0.0068351342900173535,0.006813804626262303,0.009415654541476665,0.007093276556590054,0.006813804626262303,0.006813804626262303,0.023119737168283083
2018-01-01,-0.0018394768529881279,-0.0021743959070037607,-0.0021261999008942933,-0.004320809107090395,-0.0027821072460004013,-0.0021261999008942933,-0.0021261999008942933,-0.0018394768529881279
2018-01-02,0.001980215009959626,0.0009355779732118709,0.0009889147700824009,-0.0002481090148413508,0.0005409073397559359,0.0009889147700824009,0.0009889147700824009,0.001980215009959626
2018-01-03,-0.000961215069730815,0.0019231804954333803,0.001962738786857791,0.0007116268221520518,0.0013145839692429776,0.001962738786857791,0.001962738786857791,-0.000961215069730815
2018-01-04,0.006806785446510526,0.004752591377385607,0.0047776388802201674,0.004100910515529432,0.00429678982416112,0.0047776388802201674,0.0047776388802201674,0.006806785446510526
2018-01-05,8.216293455470987e-06,-0.00012640026390740356,-0.00012024897505497458,-3.6748035427985925e-05,-9.964180113490978e-05,-0.00012024897505497458,-0.00012024897505497458,8.216293455470987e-06
2018-01-06,-0.002193564127337759,0.00014471191593648516,0.0001318985594757008,-5.0295909933198206e-05,7.504452495619395e-05,0.0001318985594757008,0.0001318985594757008,-0.002193564127337759
2018-01-07,-0.018076394863637022,-0.007421746106128352,-0.0074533455895604865,-0.008051444477420075,-0.007331072721294525,-0.0074533455895604865,-0.0074533455895604865,-0.018076394863637022
2018-01-08,0.005755836083268652,0.0003978801864493109,0.0003611444023087309,-4.165411404026788e-06,0.00014166094224880542,0.0003611444023087309,0.0003611444023087309,0.005755836083268652
2018-01-09,-0.007439552472320948,-0.0022003538125991975,-0.002211450037264362,-0.0021898553995960833,-0.0021585384090070775,-0.002211450037264362,-0.002211450037264362,-0.007439552472320948
2018-01-10,-0.0022273494610318694,-0.0013349075439453859,-0.0013575373582644986,-0.001547133386087111,-0.0013409161862895952,-0.0013575373582644986,-0.0013575373582644986,-0.0022273494610318694
2018-01-11,-0.007519066499560553,-0.004824814353100042,-0.0048448502836998435,-0.004806737868063491,-0.004934607966743614,-0.0048448502836998435,-0.0048448502836998435,-0.007519066499560553
2018-01-12,0.015702611561294974,0.007481073256539537,0.007513156419057077,0.008092167556394086,0.007918358647027448,0.007513156419057077,0.007513156419057077,0.015702611561294974
2018-01-13,-0.0035751602638852908,-0.004914101164457151,-0.0048166038161005014,-0.004935310450124246,-0.004958840409181407,-0.0048166038161005014,-0.0048166038161005014,-0.0035751602638852908
2018-01-14,-0.0063236231452879895,-0.001482406044469891,-0.0014894706467456652,-0.0014017203280359727,-0.0015473327313825413,-0.0014894706467456652,-0.0014894706467456652,-0.0063236231452879895
2018-01-15,-0.0010475868767959322,0.0006035385166033152,0.0006119733396264066,0.0006123905563019768,0.0005906415106394436,0.0006119733396264066,0.0006119733396264066,-0.0010475868767959322
2018-01-16,-0.0009963014545128744,-0.00015291564944519553,-0.0001695143261865479,-0.00025547510135044113,-0.00014108638464510487,-0.0001695143261865479,-0.0001695143261865479,-0.0009963014545128744
2018-01-17,-0.0020707224730255546,-0.0005909019908869459,-0.0005894628625315068,-0.0005748964013223414,-0.0006018722005456811,-0.0005894628625315068,-0.0005894628625315068,-0.0020707224730255546
2018-01-18,-0.0012630139454236414,-0.001036620060648798,-0.0010080448783327852,-0.0009764248395964006,-0.0009555158593467743,-0.0010080448783327852,-0.0010080448783327852,-0.0012630139454236414
2018-01-19,-0.013135258122979583,-0.006460826136046494,-0.006463488129955189,-0.006386507192048636,-0.008249808597428661,-0.006463488129955189,-0.006463488129955189,-0.013135258122979583
2018-01-20,0.010930587331860331,0.008625058508458626,0.008669306792111484,0.008437434089134074,0.009406887084261102,0.008669306792111484,0.008669306792111484,0.010930587331860331
2018-01-21,0.010918862979974997,0.006144728752917006,0.0061724659519045945,0.0056038314310071745,0.006577599386203281,0.0061724659519045945,0.0061724659519045945,0.010918862979974997
2018-01-22,-0.008404392337158633,-0.0037120845451976913,-0.0036878904251500828,-0.003511793973035003,-0.0050150044056925655,-0.0036878904251500828,-0.0036878904251500828,-0.008404392337158633
2018-01-23,0.010050383508545908,0.0063893164877666594,0.006368016265959082,0.006512263422615058,0.0070088491177399065,0.006368016265959082,0.006368016265959082,0.010050383508545908
2018-01-24,-0.004427935424363508,-0.0013640540121873674,-0.001375329456817775,-0.001341574437477609,-0.0015679410504038044,-0.001375329456817775,-0.001375329456817775,-0.004427935424363508
2018-01-25,-0.004215210632871268,-3.771107083866612e-05,-2.8227919583327626e-05,5.8960644478213246e-05,-0.00011970180745688186,-2.8227919583327626e-05,-2.8227919583327626e-05,-0.004215210632871268
2018-01-26,-0.004333369817341893,-0.002166414219994142,-0.002163067688299412,-0.0022714630675847525,-0.002646872343617615,-0.002163067688299412,-0.002163067688299412,-0.004333369817341893
2018-01-27,0.0017240153468837838,0.0011159207769922937,0.0011211036912667609,0.0012235231598346178,0.001454386245990146,0.0011211036912667609,0.0011211036912667609,0.0017240153468837838
2018-01-28,-0.003715687157074246,-0.0017196596662050695,-0.001725750407017501,-0.0018709766805952172,-0.002266902379761062,-0.001725750407017501,-0.001725750407017501,-0.003715687157074246
2018-01-29,0.013809053322528726,0.0063143339227333005,0.006340195792251882,0.006495695359708068,0.007950990559441798,0.006340195792251882,0.006340195792251882,0.013809053322528726
2018-01-30,-0.014529626511703836,-0.005833762275113635,-0.005838300475344571,-0.005135390712557799,-0.007239963711371557,-0.005838300475344571,-0.005838300475344571,-0.014529626511703836
2018-01-31,0.0047372604962089004,0.0017365023958358355,0.001756940394456478,0.001777879776299747,0.0021686562545383246,0.001756940394456478,0.001756940394456478,0.0047372604962089004
2018-02-01,0.0019920672949278466,0.0012738089911681451,0.0012770090479954992,0.0013908508120363259,0.0016139595267354243,0.0012770090479954992,0.0012770090479954992,0.0019920672949278466
2018-02-02,0.011754562986542214,0.0038185473054459045,0.003815868183595228,0.004024370435693296,0.004905898197907942,0.003815868183595228,0.003815868183595228,0.011754562986542214
2018-02-03,-0.0021906770959875337,-0.000832032669822169,-0.0008337516310845367,-0.0008840567173335163,-0.0010998500267086209,-0.0008337516310845367,-0.0008337516310845367,-0.0021906770959875337
2018-02-04,0.028283706533993615,0.008175659510186381,0.0081902213676499,0.00862062334600556,0.010641851835844004,0.0081902213676499,0.0081902213676499,0.028283706533993615
2018-02-05,0.0007772021928494534,0.002360221248185117,0.002345346338267248,0.0024883823349919542,0.0027572979486958633,0.002345346338267248,0.002345346338267248,0.0007772021928494534
2018-02-06,-0.006611290483255153,-0.0044952797248477725,-0.004495467371682133,-0.004610438989860595,-0.005367053341606642,-0.004495467371682133,-0.004495467371682133,-0.006611290483255153
2018-02-07,0.007609371178293967,0.003779765905783404,0.0037670838781454345,0.003879925369833503,0.004602706165191031,0.0037670838781454345,0.0037670838781454345,0.007609371178293967
2018-02-08,0.00661331310967029,0.0028400359897697448,0.0028304402202245205,0.002829797592974149,0.003816503181789981,0.0028304402202245205,0.0028304402202245205,0.00661331310967029
2018-02-09,-0.011311472073262998,-0.006105523263171633,-0.006068175368743835,-0.006337946563598468,-0.007602575107574461,-0.006068175368743835,-0.006068175368743835,-0.011311472073262998
2018-02-10,0.007905313194983755,0.004352024219487625,0.004345209319641309,0.004114453176209366,0.0054174743991851565,0.004345209319641309,0.004345209319641309,0.007905313194983755
2018-02-11,-0.00028504112417115576,-0.000981242234327379,-0.0009914495696933454,-0.0010118462754662074,-0.0012033311824865432,-0.0009914495696933454,-0.0009914495696933454,-0.00028504112417115576
2018-02-12,-0.004342439470182174,-0.0014472388857867927,-0.0014691734840102744,-0.0015275802868164828,-0.0017376221133682094,-0.0014691734840102744,-0.0014691734840102744,-0.004342439470182174
2018-02-13,-0.005362388876070811,-0.003800007743768571,-0.003783868480319646,-0.00399865922812934,-0.004681576268223666,-0.003783868480319646,-0.003783868480319646,-0.005362388876070811
2018-02-14,-0.005430159930503911,-0.0028648869605780642,-0.0028545144638419985,-0.0030750892609202034,-0.0035251238930264273,-0.0028545144638419985,-0.0028545144638419985,-0.005430159930503911
2018-02-15,-0.012747300320241822,-0.005613224407347585,-0.005620109624747884,-0.005789011638328405,-0.007162628014924358,-0.005620109624747884,-0.005620109624747884,-0.012747300320241822
2018-02-16,0.0016327016176499421,0.0030149235463402305,0.0030263160619431032,0.003161101954246346,0.0036296949160582875,0.0030263160619431032,0.0030263160619431032,0.0016327016176499421
2018-02-17,0.005151710874496791,0.0034658808780353486,0.003482822031575229,0.0036101853746835725,0.0041734338316110065,0.003482822031575229,0.003482822031575229,0.005151710874496791
2018-02-18,0.0015024687244080438,0.0021132203342576327,0.0021344257585192185,0.0022226705603609754,0.0022348694470568312,0.0021344257585192185,0.0021344257585192185,0.0015024687244080438
2018-02-19,0.01322820681079593,0.004905009130734071,0.004916959862849769,0.005065974228964597,0.0060245981807048625,0.004916959862849769,0.004916959862849769,0.01322820681079593
2018-02-20,0.0004750964599684559,0.00033005067832261176,0.00032699311360372244,0.000317272881403911,0.00043436413654108157,0.00032699311360372244,0.00032699311360372244,0.0004750964599684559
2018-02-21,-0.0032927477470948963,-0.0016950998857499049,-0.001691813705642763,-0.0017710230971622574,-0.0022548927120550773,-0.001691813705642763,-0.001691813705642763,-0.0032927477470948963
2018-02-22,0.0024704619155310084,0.002244167824981219,0.0022539881614543375,0.0024437848406800356,0.0028238444209532005,0.0022539881614543375,0.0022539881614543375,0.0024704619155310084
2018-02-23,-0.00428404571049383,-0.0001440025679274163,-0.0001351030079179471,-2.713832790912445e-05,-0.0004733233105768818,-0.0001351030079179471,-0.0001351030079179471,-0.00428404571049383
2018-02-24,-0.0070739861416368975,-0.002551386323413837,-0.0025355782383060656,-0.002499211777516847,-0.0036917003296859873,-0.0025355782383060656,-0.0025355782383060656,-0.0070739861416368975
2018-02-25,-0.008706009253424789,0.0008308355889412155,0.0007809005334585218,0.0008051637726638585,0.0009732634524799397,0.0007809005334585218,0.0007809005334585218,-0.008706009253424789
2018-02-26,0.0002507190980743333,0.0018038957017233739,-0.010983468221152834,0.0018219013667020974,0.0021345885956244315,-0.010983468221152834,-0.010983468221152834,0.0002507190980743333
2018-02-27,-0.016735982578759773,-0.002994686569101673,-0.0034402738188219605,-0.002594821163914426,-0.004163126694255231,-0.0034402738188219605,-0.0034402738188219605,-0.016735982578759773
2018-02-28,-0.013841960338134179,-0.00844279100374947,-0.008490345821259642,-0.008204721195013406,-0.0094537715168227,-0.008490345821259642,-0.008490345821259642,-0.013841960338134179
2018-03-01,-0.012685037177381883,-0.008749238556291224,-0.008712791594093336,-0.008655825280870217,-0.010387717251959088,-0.008712791594093336,-0.008712791594093336,-0.012685037177381883
2018-03-02,-0.005160051339617188,-0.0037572023749721274,-0.003914979438261821,-0.003011582614374077,-0.004327232525423803,-0.003914979438261821,-0.003914979438261821,-0.005160051339617188
2018-03-03,-0.006857234645605794,-0.0034949602751867845,-0.0035209368147137723,-0.003860478448476378,-0.004291640860280112,-0.0035209368147137723,-0.0035209368147137723,-0.006857234645605794
2018-03-04,0.05399231011400218,0.018215284729493093,0.018175763473911147,0.020778511457946448,0.02152883889860253,0.018175763473911147,0.018175763473911147,0.05399231011400218
2018-03-05,-0.0023010715447833938,-0.0028684665104175143,-0.0029389767661718996,-0.0023105590983060124,-0.0027382034029088567,-0.0029389767661718996,-0.0029389767661718996,-0.0023010715447833938
2018-03-06,0.007021055130828774,0.004417531906896894,0.004430484021928762,0.004502225035495873,0.004421965217334264,0.004430484021928762,0.004430484021928762,0.007021055130828774
2018-03-07,0.0065809910791471025,0.003702839252001018,0.0037017638225791583,0.003743606561876375,0.004287218368165784,0.0037017638225791583,0.0037017638225791583,0.0065809910791471025
2018-03-08,-0.013306975434027306,-0.004857625129875912,-0.004835171711966064,-0.005397429571653287,-0.005275300265150259,-0.004835171711966064,-0.004835171711966064,-0.013306975434027306
2018-03-09,-0.0011301472872982284,0.0002306244701051474,0.00023488639322122277,0.00014157311909827135,0.000352175952138306,0.00023488639322122277,0.00023488639322122277,-0.0011301472872982284
2018-03-10,0.007586006577987625,0.0021380580655735986,0.0021582910860567296,0.002353471902010023,0.0032565955478806303,0.0021582910860567296,0.0021582910860567296,0.007586006577987625
2018-03-11,0.0018344456157746746,0.002894673126615262,0.0029123279608651953,0.0027917462162794543,0.0029311449875576933,0.0029123279608651953,0.0029123279608651953,0.0018344456157746746
2018-03-12,-0.017144868694762335,-0.007874859894526928,-0.00790042900885909,-0.007955495721073515,-0.008659350174205495,-0.00790042900885909,-0.00790042900885909,-0.017144868694762335
2018-03-13,0.008431670684027419,0.006030789000293406,0.006029469815072936,0.005918702016584528,0.00653446911114982,0.006029469815072936,0.006029469815072936,0.008431670684027419
2018-03-14,-0.00036354892522297923,-0.0003190322154908457,-0.0003116337935035951,-0.00032124968490351613,-0.0006559765939042807,-0.0003116337935035951,-0.0003116337935035951,-0.00036354892522297923
2018-03-15,0.006938644235947392,0.0021700716847582063,0.0021647700749633327,0.0022198461098057233,0.002476301870292158,0.0021647700749633327,0.0021647700749633327,0.006938644235947392
2018-03-16,0.01681968616377589,0.004366863715951086,0.004363686649804061,0.004429534530101181,0.005025755883324451,0.004363686649804061,0.004363686649804061,0.01681968616377589
2018-03-17,0.011125893266439119,0.006388544184842263,0.006410684065101892,0.006383491282160518,0.0073963103707615245,0.006410684065101892,0.006410684065101892,0.011125893266439119
2018-03-18,0.006097021207689437,0.003127917251880372,0.003132604911871136,0.002993344759780128,0.0034432441013191165,0.003132604911871136,0.003132604911871136,0.006097021207689437
2018-03-19,-0.008529021276091725,-0.00326543546057201,-0.00327317547943626,-0.0033710395841983795,-0.0035590062494243765,-0.00327317547943626,-0.00327317547943626,-0.008529021276091725
2018-03-20,0.0014732085954311319,0.0003491998249652497,0.0003492691332353935,0.00035312311715150367,0.0004893132415218054,0.0003492691332353935,0.0003492691332353935,0.0014732085954311319
2018-03-21,0.04745185287218396,0.016673761811799654,0.016695109968695828,0.018222666232906356,0.0215961955990954,0.016695109968695828,0.016695109968695828,0.04745185287218396
2018-03-22,0.004364545262570198,0.0030806862185814785,0.003408261530737514,0.0038101677792533356,0.002839029108035969,0.003408261530737514,0.003408261530737514,0.004364545262570198
2018-03-23,-0.006760332434304538,-0.002226269461448027,-0.0021952768305860525,-0.002493041000579646,-0.001961311618638011,-0.0021952768305860525,-0.0021952768305860525,-0.006760332434304538
2018-03-24,-0.0017105574163632498,-0.0006404710218859336,-0.0005890513824092537,-0.0010626729169108447,0.0012130045098441148,-0.0005890513824092537,-0.0005890513824092537,-0.0017105574163632498
2018-03-25,-0.0074032916809925855,-0.0016187264057481929,-0.0017437597893912328,-0.0013000207353999205,-0.004060910058632117,-0.0017437597893912328,-0.0017437597893912328,-0.0074032916809925855
2018-03-26,-0.0037142274325436472,-0.0021225398197579656,-0.0021411957044521596,-0.0017822475542885817,-0.0035210355838978086,-0.0021411957044521596,-0.0021411957044521596,-0.0037142274325436472
2018-03-27,0.023152653402075767,0.008761281191744949,0.008716075338342637,0.00924326659371641,0.009549930723218596,0.008716075338342637,0.008716075338342637,0.023152653402075767
2018-03-28,0.005098556431838551,0.004823338373857406,0.004827422481866764,0.004288070744128756,0.006618767598235442,0.004827422481866764,0.004827422481866764,0.005098556431838551
2018-03-29,0.010568910295588471,0.008996022370287206,0.008964244561337069,0.008143722079429525,0.008694632812797205,0.008964244561337069,0.008964244561337069,0.010568910295588471
2018-03-30,0.0075377106736216615,0.0048354676436135925,0.004773717780281367,0.00565280286789267,0.004129801683177027,0.004773717780281367,0.004773717780281367,0.0075377106736216615
2018-03-31,-5.672177377733401e-05,-0.0024447850038604208,-0.002458651034354695,-0.0027919947619045615,-0.0022114632560306666,-0.002458651034354695,-0.002458651034354695,-5.672177377733401e-05
2018-04-01,0.006175966701074935,0.00044747202181741504,0.00043988180225038265,0.0006536108383099858,-0.00034286405919936824,0.00043988180225038265,0.00043988180225038265,0.006175966701074935
2018-04-02,-0.004082169073081093,-0.0035136750212098125,-0.0034861312459916974,-0.00430749155134746,-0.0032896693693583935,-0.0034861312459916974,-0.0034861312459916974,-0.004082169073081093
2018-04-03,-0.0040434274132171415,-0.00043845722847199686,-0.00043905616008926607,-0.0004320055259961399,-0.0005728359609849847,-0.00043905616008926607,-0.00043905616008926607,-0.0040434274132171415
2018-04-04,-0.002182757758751605,-0.0014159735057969116,-0.0014140634449311934,-0.0013904617353515437,-0.0018169342094275709,-0.0014140634449311934,-0.0014140634449311934,-0.002182757758751605
2018-04-05,-0.006138038499696248,-0.0016879253638516546,-0.0016870919986566547,-0.0018767345992526574,-0.0019847887910768767,-0.0016870919986566547,-0.0016870919986566547,-0.006138038499696248
2018-04-06,0.0035533562328191773,0.0023010994974223494,0.0023046459729473756,0.002345891364873963,0.0028304764188362267,0.0023046459729473756,0.0023046459729473756,0.0035533562328191773
2018-04-07,0.00196473773772895,0.00227170617006762,0.0022730857264336864,0.0019493471527091497,0.0031826906549677256,0.0022730857264336864,0.0022730857264336864,0.00196473773772895
2018-04-08,-0.00788098468467851,-0.0020337503125601405,-0.0020464090178756882,-0.002388913694916803,-0.002254135223966796,-0.0020464090178756882,-0.0020464090178756882,-0.00788098468467851
2018-04-09,-0.006844170439344463,-0.004285805382908784,-0.004270755208323033,-0.004967617599094166,-0.005209659661833563,-0.004270755208323033,-0.004270755208323033,-0.006844170439344463
2018-04-10,-0.0016421526150373156,-0.0016653974147125125,-0.0016539941847673757,-0.0020801087182852,-0.0019361178597187545,-0.0016539941847673757,-0.0016539941847673757,-0.0016421526150373156
2018-04-11,0.0755379325763766,0.014266167319162115,0.014260477173449804,0.015032512321797654,0.018226675794986342,0.014260477173449804,0.014260477173449804,0.0755379325763766
2018-04-12,0.005029366204433983,0.0039960828334518065,0.004492543432304831,0.0032301274903589056,0.0043025274237410115,0.004492543432304831,0.004492543432304831,0.005029366204433983
2018-04-13,0.011748584115694386,0.006465356577963534,0.00643241687175124,0.00690791350545937,0.006917406805993807,0.00643241687175124,0.00643241687175124,0.011748584115694386
2018-04-14,0.007890776256941135,0.0045309043516563174,0.004548516142206545,0.004697386228310276,0.004788991229740102,0.004548516142206545,0.004548516142206545,0.007890776256941135
2018-04-15,-0.01147588640882117,-0.003621914823806579,-0.003614516836743178,-0.003927030623518979,-0.004239133215024776,-0.003614516836743178,-0.003614516836743178,-0.01147588640882117
2018-04-16,-0.01445257307210134,-0.006546070421649056,-0.006526074021108145,-0.007269667321382275,-0.0076470252876659406,-0.006526074021108145,-0.006526074021108145,-0.01445257307210134
2018-04-17,-0.006242351751472597,-0.004285548286560982,-0.004279929230934339,-0.004307690066144558,-0.004787613167414702,-0.004279929230934339,-0.004279929230934339,-0.006242351751472597
2018-04-18,0.005106441200649475,0.003997434456434165,0.003989051646763129,0.004259347240816838,0.004418316347580314,0.003989051646763129,0.003989051646763129,0.005106441200649475
2018-04-19,-0.009780360748819009,-0.01315222543832971,-0.012957199402694746,-0.013332790908328994,-0.014557836445715183,-0.012957199402694746,-0.012957199402694746,-0.009780360748819009
2018-04-20,-0.003205546375977813,0.0009259874035468406,0.0018534175429513345,0.001499678770346888,0.00036110319165012723,0.0018534175429513345,0.0018534175429513345,-0.003205546375977813
2018-04-21,-0.0018518072582081604,-0.000887554987406569,-0.0009052843200410538,-0.0009361956762615886,-0.0014800017711340669,-0.0009052843200410538,-0.0009052843200410538,-0.0018518072582081604
2018-04-22,0.011900832993123651,0.004421278227564229,0.004415585150338747,0.004516227637808917,0.004670677252940842,0.004415585150338747,0.004415585150338747,0.011900832993123651
2018-04-23,0.00426959479785172,0.0014914777677984038,0.0014816062221254644,0.001697749751137071,0.0012298464396798801,0.0014816062221254644,0.0014816062221254644,0.00426959479785172
2018-04-24,-0.005850313168708619,-0.0030599544003988705,-0.003054422458035205,-0.003082871369883056,-0.0035375894767083033,-0.003054422458035205,-0.003054422458035205,-0.005850313168708619
2018-04-25,-0.005220137348406233,0.0002816825736011667,0.0002750989299863578,7.538894490971588e-05,0.0007867940322481568,0.0002750989299863578,0.0002750989299863578,-0.005220137348406233
2018-04-26,-0.009320812008883293,-0.004075504370858744,-0.004071761063969718,-0.004356851729369798,-0.0046855975096345955,-0.004071761063969718,-0.004071761063969718,-0.009320812008883293
2018-04-27,0.008617035261206753,0.003736164473225388,0.003733571324143722,0.0038730300432158245,0.004385865066526869,0.003733571324143722,0.003733571324143722,0.008617035261206753
2018-04-28,-0.01731697119727345,-0.00500663848187536,-0.005002676369977498,-0.005115770394486262,-0.0060990406458822964,-0.005002676369977498,-0.005002676369977498,-0.01731697119727345
2018-04-29,-0.02195658020043662,-0.008347134291555609,-0.008366748256389877,-0.008537897715121713,-0.009668635732654526,-0.008366748256389877,-0.008366748256389877,-0.02195658020043662
2018-04-30,-0.007401843978588742,-0.007248347889965079,-0.007283438991170639,-0.007166398816529419,-0.008093726696070334,-0.007283438991170639,-0.007283438991170639,-0.007401843978588742
2018-05-01,-0.01282662067568729,-0.005844351919239312,-0.005830047693340078,-0.004969270955177717,-0.006854548575971002,-0.005830047693340078,-0.005830047693340078,-0.01282662067568729
2018-05-02,0.0005658947013190795,-0.0008906364787383483,-0.0008806528404737701,-0.0005979335281314091,-0.0015798520497426586,-0.0008806528404737701,-0.0008806528404737701,0.0005658947013190795
2018-05-03,-0.004120529604485316,-0.00191771898425041,-0.0018860309722085018,-0.0018441907595507622,-0.0022628287976800697,-0.0018860309722085018,-0.0018860309722085018,-0.004120529604485316
2018-05-04,-0.0010512129977694842,-0.0005967188214219941,-0.0005917940344122155,-0.0006122163618947586,-0.0007905726405510177,-0.0005917940344122155,-0.0005917940344122155,-0.0010512129977694842
2018-05-05,0.009422299700624042,0.005543446997622027,0.0055367111677690276,0.006379427326960046,0.006282798725580865,0.0055367111677690276,0.0055367111677690276,0.009422299700624042
2018-05-06,-0.020870838502028536,-0.005965483315771687,-0.00597921788461214,-0.005940487328328303,-0.007460504089892015,-0.00597921788461214,-0.00597921788461214,-0.020870838502028536
2018-05-07,0.00023445235201619238,0.0013392032196257633,0.001380043607996779,0.0014299475489287807,0.0008970560702871181,0.001380043607996779,0.001380043607996779,0.00023445235201619238
2018-05-08,-0.01254342558813752,-0.00731841777901143,-0.007325843025765405,-0.0074614767712227895,-0.008271060298141513,-0.007325843025765405,-0.007325843025765405,-0.01254342558813752
2018-05-09,-0.012512003170280043,0.006918593595050262,0.006771018037199813,0.008003813365711031,0.00750623457463162,0.006771018037199813,0.006771018037199813,-0.012512003170280043
2018-05-10,0.0020701194853268764,0.0025615062170398907,0.0025474218308120596,0.002155182306316672,0.0030900416849737994,0.0025474218308120596,0.0025474218308120596,0.0020701194853268764
2018-05-11,-0.0070499156310719485,-0.0016418878239525963,-0.0016604374680439663,-0.0018671086550064318,-0.0012679038373933124,-0.0016604374680439663,-0.0016604374680439663,-0.0070499156310719485
2018-05-12,-0.025594340044876537,-0.0013988510043416186,-0.0014093404409311952,-0.0011869514870413863,-0.002124216648526973,-0.0014093404409311952,-0.0014093404409311952,-0.025594340044876537
2018-05-13,-0.009192142137071408,-0.00456904888893981,-0.004634106514769033,-0.004271980339237695,-0.004253728072056933,-0.004634106514769033,-0.004634106514769033,-0.009192142137071408
2018-05-14,0.006800833308756617,0.005586242132290773,0.005593439475788407,0.005604338159652435,0.005747030991255568,0.005593439475788407,0.005593439475788407,0.006800833308756617
2018-05-15,0.006313737675102582,0.002442640065033441,0.0024606101197628847,0.002535067846425162,0.002137140260278417,0.0024606101197628847,0.0024606101197628847,0.006313737675102582
2018-05-16,0.004107516347831696,0.002993517283120407,0.0030032320461550175,0.0032818471684509833,0.003098960464184767,0.0030032320461550175,0.0030032320461550175,0.004107516347831696
2018-05-17,-0.0020191015735532454,-0.0013197235982878085,-0.0013008408780462203,-0.0010927009265597359,-0.001640429280763209,-0.0013008408780462203,-0.0013008408780462203,-0.0020191015735532454
2018-05-18,-0.00472877494482321,-0.0017307214245318354,-0.0017253849367645181,-0.001852067139350172,-0.00190063537410409,-0.0017253849367645181,-0.0017253849367645181,-0.00472877494482321
